"nuts","year","risk_pct"
"AT",2007,16.7
"AT11",2007,NA
"AT12",2007,NA
"AT13",2007,NA
"AT21",2007,NA
"AT22",2007,NA
"AT31",2007,NA
"AT32",2007,NA
"AT33",2007,NA
"AT34",2007,NA
"BE",2007,21.6
"BG",2007,60.7
"BG3",2007,NA
"BG31",2007,NA
"BG32",2007,NA
"BG33",2007,NA
"BG34",2007,NA
"BG4",2007,NA
"BG41",2007,NA
"BG42",2007,NA
"CH",2007,17.9
"CH01",2007,NA
"CH02",2007,NA
"CH03",2007,NA
"CH04",2007,NA
"CH05",2007,NA
"CH06",2007,NA
"CH07",2007,NA
"CY",2007,25.2
"CZ",2007,15.8
"CZ01",2007,8.8
"CZ02",2007,14.2
"CZ03",2007,11.8
"CZ04",2007,23.4
"CZ05",2007,15.8
"CZ06",2007,13
"CZ07",2007,17.5
"CZ08",2007,23.2
"DE",2007,20.6
"DE11",2007,NA
"DE12",2007,NA
"DE13",2007,NA
"DE14",2007,NA
"DE21",2007,NA
"DE22",2007,NA
"DE23",2007,NA
"DE24",2007,NA
"DE25",2007,NA
"DE26",2007,NA
"DE27",2007,NA
"DE30",2007,NA
"DE40",2007,NA
"DE50",2007,NA
"DE60",2007,NA
"DE71",2007,NA
"DE72",2007,NA
"DE73",2007,NA
"DE80",2007,NA
"DE91",2007,NA
"DE92",2007,NA
"DE93",2007,NA
"DE94",2007,NA
"DEA1",2007,NA
"DEA2",2007,NA
"DEA3",2007,NA
"DEA4",2007,NA
"DEA5",2007,NA
"DEB1",2007,NA
"DEB2",2007,NA
"DEB3",2007,NA
"DEC0",2007,NA
"DED2",2007,NA
"DED4",2007,NA
"DED5",2007,NA
"DEE0",2007,NA
"DEF0",2007,NA
"DEG0",2007,NA
"DK",2007,16.8
"DK01",2007,19
"DK02",2007,13.8
"DK03",2007,16.2
"DK04",2007,15.3
"DK05",2007,19.7
"EE",2007,22
"EL",2007,28.3
"EL3",2007,22.7
"EL4",2007,27.5
"EL5",2007,33.5
"EL6",2007,31.7
"ES",2007,23.3
"ES1",2007,21.1
"ES11",2007,23.1
"ES12",2007,18.6
"ES13",2007,16.2
"ES2",2007,16.2
"ES21",2007,15.9
"ES22",2007,8.5
"ES23",2007,22.2
"ES24",2007,19
"ES3",2007,16
"ES30",2007,16
"ES4",2007,31
"ES41",2007,25.9
"ES42",2007,30.8
"ES43",2007,43.4
"ES5",2007,18.5
"ES51",2007,16.9
"ES52",2007,20.5
"ES53",2007,21.1
"ES6",2007,32.8
"ES61",2007,33.1
"ES62",2007,31
"ES63",2007,40.7
"ES64",2007,29.4
"ES7",2007,29.3
"ES70",2007,29.3
"FI",2007,17.4
"FI1",2007,17.5
"FI13",2007,23.7
"FI18",2007,15.3
"FI19_20",2007,17.5
"FI1A",2007,19.5
"FI1B",2007,NA
"FI1C",2007,NA
"FI1D",2007,NA
"FI2",2007,5.6
"FR",2007,19
"HR",2007,NA
"HR03",2007,NA
"HR04",2007,NA
"HU",2007,29.4
"HU1",2007,23.2
"HU10",2007,23.2
"HU11",2007,NA
"HU12",2007,NA
"HU2",2007,27.1
"HU21",2007,27.6
"HU22",2007,19.4
"HU23",2007,34.4
"HU3",2007,35.5
"HU31",2007,43.4
"HU32",2007,33.8
"HU33",2007,29.9
"IE",2007,23.1
"IE01",2007,30.6
"IE02",2007,20.3
"IS",2007,13
"IT",2007,26
"ITC",2007,16.9
"ITC1",2007,17.9
"ITC2",2007,11.7
"ITC3",2007,21.3
"ITC4",2007,15.8
"ITF",2007,41.4
"ITF1",2007,25.5
"ITF2",2007,33
"ITF3",2007,45.5
"ITF4",2007,40.6
"ITF5",2007,37.3
"ITF6",2007,44.1
"ITG",2007,45.5
"ITG1",2007,50.5
"ITG2",2007,30.3
"ITH",2007,14.6
"ITH1",2007,12.3
"ITH2",2007,7.5
"ITH3",2007,16.3
"ITH4",2007,16.6
"ITH5",2007,13.3
"ITI",2007,18.8
"ITI1",2007,14.5
"ITI2",2007,18
"ITI3",2007,16.7
"ITI4",2007,22.5
"LT",2007,28.7
"LU",2007,15.9
"LV",2007,35.1
"MK",2007,NA
"MT",2007,19.7
"NL",2007,15.7
"NL1",2007,NA
"NL11",2007,NA
"NL12",2007,NA
"NL13",2007,NA
"NL2",2007,NA
"NL21",2007,NA
"NL22",2007,NA
"NL23",2007,NA
"NL3",2007,NA
"NL31",2007,NA
"NL32",2007,NA
"NL33",2007,NA
"NL34",2007,NA
"NL4",2007,NA
"NL41",2007,NA
"NL42",2007,NA
"NO",2007,16.6
"NO01",2007,17.2
"NO02",2007,17.3
"NO03",2007,16.1
"NO04",2007,14
"NO05",2007,16.4
"NO06",2007,17.1
"NO07",2007,18.6
"PL",2007,34.4
"PL1",2007,NA
"PL2",2007,NA
"PL3",2007,NA
"PL4",2007,NA
"PL5",2007,NA
"PL6",2007,NA
"PT",2007,25
"RO",2007,47
"RO1",2007,39.4
"RO11",2007,39.2
"RO12",2007,39.5
"RO2",2007,55
"RO21",2007,56.7
"RO22",2007,52.9
"RO3",2007,45.9
"RO31",2007,52
"RO32",2007,37.3
"RO4",2007,45.9
"RO41",2007,57
"RO42",2007,33
"RS",2007,NA
"SE",2007,13.9
"SE1",2007,NA
"SE11",2007,NA
"SE12",2007,NA
"SE2",2007,NA
"SE21",2007,NA
"SE22",2007,NA
"SE23",2007,NA
"SE3",2007,NA
"SE31",2007,NA
"SE32",2007,NA
"SE33",2007,NA
"SI",2007,17.1
"SI01",2007,NA
"SI02",2007,NA
"SK",2007,21.3
"SK01",2007,14.9
"SK02",2007,18.2
"SK03",2007,20.5
"SK04",2007,28.3
"TR",2007,64.4
"UK",2007,22.6
"AT",2008,20.6
"AT11",2008,NA
"AT12",2008,NA
"AT13",2008,NA
"AT21",2008,NA
"AT22",2008,NA
"AT31",2008,NA
"AT32",2008,NA
"AT33",2008,NA
"AT34",2008,NA
"BE",2008,20.8
"BG",2008,44.8
"BG3",2008,51.3
"BG31",2008,52.5
"BG32",2008,54.5
"BG33",2008,48.3
"BG34",2008,50.1
"BG4",2008,37.7
"BG41",2008,33.8
"BG42",2008,43.1
"CH",2008,18.1
"CH01",2008,19.5
"CH02",2008,22.6
"CH03",2008,15.2
"CH04",2008,13.4
"CH05",2008,17.1
"CH06",2008,15.8
"CH07",2008,25.1
"CY",2008,23.3
"CZ",2008,15.3
"CZ01",2008,9.9
"CZ02",2008,12.8
"CZ03",2008,11.5
"CZ04",2008,22.9
"CZ05",2008,13.5
"CZ06",2008,13.8
"CZ07",2008,17.6
"CZ08",2008,21.6
"DE",2008,20.1
"DE11",2008,NA
"DE12",2008,NA
"DE13",2008,NA
"DE14",2008,NA
"DE21",2008,NA
"DE22",2008,NA
"DE23",2008,NA
"DE24",2008,NA
"DE25",2008,NA
"DE26",2008,NA
"DE27",2008,NA
"DE30",2008,NA
"DE40",2008,NA
"DE50",2008,NA
"DE60",2008,NA
"DE71",2008,NA
"DE72",2008,NA
"DE73",2008,NA
"DE80",2008,NA
"DE91",2008,NA
"DE92",2008,NA
"DE93",2008,NA
"DE94",2008,NA
"DEA1",2008,NA
"DEA2",2008,NA
"DEA3",2008,NA
"DEA4",2008,NA
"DEA5",2008,NA
"DEB1",2008,NA
"DEB2",2008,NA
"DEB3",2008,NA
"DEC0",2008,NA
"DED2",2008,NA
"DED4",2008,NA
"DED5",2008,NA
"DEE0",2008,NA
"DEF0",2008,NA
"DEG0",2008,NA
"DK",2008,16.3
"DK01",2008,18.2
"DK02",2008,14.4
"DK03",2008,13.2
"DK04",2008,17.2
"DK05",2008,19
"EE",2008,21.8
"EL",2008,28.1
"EL3",2008,22.4
"EL4",2008,26.2
"EL5",2008,32.6
"EL6",2008,32.3
"ES",2008,23.8
"ES1",2008,23
"ES11",2008,25.1
"ES12",2008,19.5
"ES13",2008,19.9
"ES2",2008,14.5
"ES21",2008,13.9
"ES22",2008,8.6
"ES23",2008,19.6
"ES24",2008,17.1
"ES3",2008,19.3
"ES30",2008,19.3
"ES4",2008,27.3
"ES41",2008,21.4
"ES42",2008,28.8
"ES43",2008,37.9
"ES5",2008,20.7
"ES51",2008,15.6
"ES52",2008,27.5
"ES53",2008,23.6
"ES6",2008,31.1
"ES61",2008,31.6
"ES62",2008,27.5
"ES63",2008,43.4
"ES64",2008,24.6
"ES7",2008,34.8
"ES70",2008,34.8
"FI",2008,17.4
"FI1",2008,17.5
"FI13",2008,NA
"FI18",2008,NA
"FI19_20",2008,18.7
"FI1A",2008,NA
"FI1B",2008,12.1
"FI1C",2008,18.9
"FI1D",2008,20.8
"FI2",2008,4.4
"FR",2008,18.5
"HR",2008,NA
"HR03",2008,NA
"HR04",2008,NA
"HU",2008,28.2
"HU1",2008,23.1
"HU10",2008,23.1
"HU11",2008,NA
"HU12",2008,NA
"HU2",2008,23.9
"HU21",2008,25
"HU22",2008,16.9
"HU23",2008,29.8
"HU3",2008,35.1
"HU31",2008,39.7
"HU32",2008,35.2
"HU33",2008,30.7
"IE",2008,23.7
"IE01",2008,28.6
"IE02",2008,21.8
"IS",2008,11.8
"IT",2008,25.5
"ITC",2008,15.8
"ITC1",2008,17
"ITC2",2008,11.2
"ITC3",2008,19.8
"ITC4",2008,14.7
"ITF",2008,41.6
"ITF1",2008,24.5
"ITF2",2008,30.4
"ITF3",2008,47.6
"ITF4",2008,38.2
"ITF5",2008,39.4
"ITF6",2008,44.4
"ITG",2008,44.9
"ITG1",2008,48.2
"ITG2",2008,35
"ITH",2008,14.3
"ITH1",2008,11.8
"ITH2",2008,8.3
"ITH3",2008,15.2
"ITH4",2008,17.7
"ITH5",2008,13.2
"ITI",2008,18.6
"ITI1",2008,15.2
"ITI2",2008,17.8
"ITI3",2008,16.5
"ITI4",2008,21.7
"LT",2008,28.3
"LU",2008,15.5
"LV",2008,34.2
"MK",2008,NA
"MT",2008,20.1
"NL",2008,14.9
"NL1",2008,NA
"NL11",2008,NA
"NL12",2008,NA
"NL13",2008,NA
"NL2",2008,NA
"NL21",2008,NA
"NL22",2008,NA
"NL23",2008,NA
"NL3",2008,NA
"NL31",2008,NA
"NL32",2008,NA
"NL33",2008,NA
"NL34",2008,NA
"NL4",2008,NA
"NL41",2008,NA
"NL42",2008,NA
"NO",2008,15.1
"NO01",2008,15.4
"NO02",2008,14.5
"NO03",2008,15.9
"NO04",2008,15
"NO05",2008,13.2
"NO06",2008,17.6
"NO07",2008,14.2
"PL",2008,30.5
"PL1",2008,NA
"PL2",2008,NA
"PL3",2008,NA
"PL4",2008,NA
"PL5",2008,NA
"PL6",2008,NA
"PT",2008,26
"RO",2008,44.2
"RO1",2008,36.9
"RO11",2008,34.9
"RO12",2008,39
"RO2",2008,51.7
"RO21",2008,55.5
"RO22",2008,46.7
"RO3",2008,41.1
"RO31",2008,46
"RO32",2008,34
"RO4",2008,46.2
"RO41",2008,56.6
"RO42",2008,34.3
"RS",2008,NA
"SE",2008,16.7
"SE1",2008,16.2
"SE11",2008,15.8
"SE12",2008,16.7
"SE2",2008,16.8
"SE21",2008,16.3
"SE22",2008,17.9
"SE23",2008,16.1
"SE3",2008,17.7
"SE31",2008,17.2
"SE32",2008,15.5
"SE33",2008,20
"SI",2008,18.5
"SI01",2008,22.3
"SI02",2008,14.1
"SK",2008,20.6
"SK01",2008,13.3
"SK02",2008,17.8
"SK03",2008,20.4
"SK04",2008,26.8
"TR",2008,63.9
"UK",2008,23.2
"AT",2009,19.1
"AT11",2009,NA
"AT12",2009,NA
"AT13",2009,NA
"AT21",2009,NA
"AT22",2009,NA
"AT31",2009,NA
"AT32",2009,NA
"AT33",2009,NA
"AT34",2009,NA
"BE",2009,20.2
"BG",2009,46.2
"BG3",2009,50.3
"BG31",2009,53
"BG32",2009,56.3
"BG33",2009,45
"BG34",2009,47.8
"BG4",2009,41.7
"BG41",2009,33.8
"BG42",2009,52.5
"CH",2009,17.9
"CH01",2009,17.8
"CH02",2009,21.8
"CH03",2009,17.3
"CH04",2009,14.6
"CH05",2009,17
"CH06",2009,14.3
"CH07",2009,24.6
"CY",2009,23.5
"CZ",2009,14
"CZ01",2009,10
"CZ02",2009,11.1
"CZ03",2009,12.6
"CZ04",2009,19.6
"CZ05",2009,12.2
"CZ06",2009,12.9
"CZ07",2009,16.1
"CZ08",2009,18.6
"DE",2009,20
"DE11",2009,NA
"DE12",2009,NA
"DE13",2009,NA
"DE14",2009,NA
"DE21",2009,NA
"DE22",2009,NA
"DE23",2009,NA
"DE24",2009,NA
"DE25",2009,NA
"DE26",2009,NA
"DE27",2009,NA
"DE30",2009,NA
"DE40",2009,NA
"DE50",2009,NA
"DE60",2009,NA
"DE71",2009,NA
"DE72",2009,NA
"DE73",2009,NA
"DE80",2009,NA
"DE91",2009,NA
"DE92",2009,NA
"DE93",2009,NA
"DE94",2009,NA
"DEA1",2009,NA
"DEA2",2009,NA
"DEA3",2009,NA
"DEA4",2009,NA
"DEA5",2009,NA
"DEB1",2009,NA
"DEB2",2009,NA
"DEB3",2009,NA
"DEC0",2009,NA
"DED2",2009,NA
"DED4",2009,NA
"DED5",2009,NA
"DEE0",2009,NA
"DEF0",2009,NA
"DEG0",2009,NA
"DK",2009,17.6
"DK01",2009,18.7
"DK02",2009,13.4
"DK03",2009,18.1
"DK04",2009,18.1
"DK05",2009,18.1
"EE",2009,23.4
"EL",2009,27.6
"EL3",2009,21.2
"EL4",2009,26.6
"EL5",2009,33.6
"EL6",2009,31.4
"ES",2009,24.7
"ES1",2009,22.2
"ES11",2009,24.6
"ES12",2009,18.8
"ES13",2009,17.3
"ES2",2009,13.9
"ES21",2009,14.8
"ES22",2009,10.4
"ES23",2009,19.5
"ES24",2009,12.6
"ES3",2009,19.6
"ES30",2009,19.6
"ES4",2009,27
"ES41",2009,22.1
"ES42",2009,28.6
"ES43",2009,35.4
"ES5",2009,22.2
"ES51",2009,19
"ES52",2009,26.5
"ES53",2009,24.3
"ES6",2009,33.4
"ES61",2009,33.3
"ES62",2009,33.3
"ES63",2009,37.3
"ES64",2009,33.9
"ES7",2009,38.2
"ES70",2009,38.2
"FI",2009,16.9
"FI1",2009,17
"FI13",2009,NA
"FI18",2009,NA
"FI19_20",2009,17.8
"FI1A",2009,NA
"FI1B",2009,11.7
"FI1C",2009,18.6
"FI1D",2009,20.2
"FI2",2009,4.5
"FR",2009,18.5
"HR",2009,NA
"HR03",2009,NA
"HR04",2009,NA
"HU",2009,29.6
"HU1",2009,24.6
"HU10",2009,24.6
"HU11",2009,NA
"HU12",2009,NA
"HU2",2009,26.7
"HU21",2009,26.1
"HU22",2009,21.4
"HU23",2009,32.8
"HU3",2009,35.3
"HU31",2009,37.1
"HU32",2009,35.9
"HU33",2009,32.8
"IE",2009,25.7
"IE01",2009,31
"IE02",2009,23.8
"IS",2009,11.6
"IT",2009,24.9
"ITC",2009,15.7
"ITC1",2009,16.8
"ITC2",2009,12.1
"ITC3",2009,15.8
"ITC4",2009,15.3
"ITF",2009,39.7
"ITF1",2009,27.2
"ITF2",2009,33.7
"ITF3",2009,44
"ITF4",2009,36.4
"ITF5",2009,41.7
"ITF6",2009,42.9
"ITG",2009,43.8
"ITG1",2009,48.2
"ITG2",2009,30.5
"ITH",2009,14.4
"ITH1",2009,11.9
"ITH2",2009,10.1
"ITH3",2009,14.6
"ITH4",2009,16.7
"ITH5",2009,14.3
"ITI",2009,18.5
"ITI1",2009,14.9
"ITI2",2009,17.1
"ITI3",2009,16.3
"ITI4",2009,21.9
"LT",2009,29.6
"LU",2009,17.8
"LV",2009,37.9
"MK",2009,NA
"MT",2009,20.3
"NL",2009,15.1
"NL1",2009,NA
"NL11",2009,NA
"NL12",2009,NA
"NL13",2009,NA
"NL2",2009,NA
"NL21",2009,NA
"NL22",2009,NA
"NL23",2009,NA
"NL3",2009,NA
"NL31",2009,NA
"NL32",2009,NA
"NL33",2009,NA
"NL34",2009,NA
"NL4",2009,NA
"NL41",2009,NA
"NL42",2009,NA
"NO",2009,15.2
"NO01",2009,16.8
"NO02",2009,14.3
"NO03",2009,15
"NO04",2009,14.5
"NO05",2009,13.7
"NO06",2009,15.6
"NO07",2009,16.1
"PL",2009,27.8
"PL1",2009,NA
"PL2",2009,NA
"PL3",2009,NA
"PL4",2009,NA
"PL5",2009,NA
"PL6",2009,NA
"PT",2009,24.9
"RO",2009,43
"RO1",2009,34.8
"RO11",2009,36.2
"RO12",2009,33.3
"RO2",2009,48.4
"RO21",2009,52.9
"RO22",2009,42.6
"RO3",2009,44.6
"RO31",2009,47.6
"RO32",2009,40.3
"RO4",2009,43.2
"RO41",2009,53.2
"RO42",2009,31.8
"RS",2009,NA
"SE",2009,17.8
"SE1",2009,16.3
"SE11",2009,15
"SE12",2009,17.9
"SE2",2009,18.2
"SE21",2009,17.9
"SE22",2009,20.2
"SE23",2009,16.8
"SE3",2009,20
"SE31",2009,19.4
"SE32",2009,17.7
"SE33",2009,22.8
"SI",2009,17.1
"SI01",2009,20.3
"SI02",2009,13.6
"SK",2009,19.6
"SK01",2009,13
"SK02",2009,19.4
"SK03",2009,19.3
"SK04",2009,22.7
"TR",2009,63.9
"UK",2009,22
"AT",2010,18.9
"AT11",2010,NA
"AT12",2010,NA
"AT13",2010,NA
"AT21",2010,NA
"AT22",2010,NA
"AT31",2010,NA
"AT32",2010,NA
"AT33",2010,NA
"AT34",2010,NA
"BE",2010,20.8
"BG",2010,49.2
"BG3",2010,53.8
"BG31",2010,53.3
"BG32",2010,58.7
"BG33",2010,52.7
"BG34",2010,51.1
"BG4",2010,44.2
"BG41",2010,36.9
"BG42",2010,54.3
"CH",2010,17.2
"CH01",2010,20
"CH02",2010,21.3
"CH03",2010,11.9
"CH04",2010,12.2
"CH05",2010,16.1
"CH06",2010,15.7
"CH07",2010,26.8
"CY",2010,24.6
"CZ",2010,14.4
"CZ01",2010,7.1
"CZ02",2010,12.4
"CZ03",2010,13.6
"CZ04",2010,21.3
"CZ05",2010,11.4
"CZ06",2010,15
"CZ07",2010,16.3
"CZ08",2010,18.9
"DE",2010,19.7
"DE11",2010,NA
"DE12",2010,NA
"DE13",2010,NA
"DE14",2010,NA
"DE21",2010,NA
"DE22",2010,NA
"DE23",2010,NA
"DE24",2010,NA
"DE25",2010,NA
"DE26",2010,NA
"DE27",2010,NA
"DE30",2010,NA
"DE40",2010,NA
"DE50",2010,NA
"DE60",2010,NA
"DE71",2010,NA
"DE72",2010,NA
"DE73",2010,NA
"DE80",2010,NA
"DE91",2010,NA
"DE92",2010,NA
"DE93",2010,NA
"DE94",2010,NA
"DEA1",2010,NA
"DEA2",2010,NA
"DEA3",2010,NA
"DEA4",2010,NA
"DEA5",2010,NA
"DEB1",2010,NA
"DEB2",2010,NA
"DEB3",2010,NA
"DEC0",2010,NA
"DED2",2010,NA
"DED4",2010,NA
"DED5",2010,NA
"DEE0",2010,NA
"DEF0",2010,NA
"DEG0",2010,NA
"DK",2010,18.3
"DK01",2010,20
"DK02",2010,16
"DK03",2010,16.9
"DK04",2010,19.7
"DK05",2010,17.2
"EE",2010,21.7
"EL",2010,27.7
"EL3",2010,23.1
"EL4",2010,23.9
"EL5",2010,32.2
"EL6",2010,32
"ES",2010,26.1
"ES1",2010,21.2
"ES11",2010,22.7
"ES12",2010,16.5
"ES13",2010,22.5
"ES2",2010,17.1
"ES21",2010,16.3
"ES22",2010,13.8
"ES23",2010,27.3
"ES24",2010,17.5
"ES3",2010,19.3
"ES30",2010,19.3
"ES4",2010,30.1
"ES41",2010,23.8
"ES42",2010,32.3
"ES43",2010,40.3
"ES5",2010,23.9
"ES51",2010,19.8
"ES52",2010,29.6
"ES53",2010,26
"ES6",2010,35.4
"ES61",2010,35
"ES62",2010,37.5
"ES63",2010,35.9
"ES64",2010,35.4
"ES7",2010,35.7
"ES70",2010,35.7
"FI",2010,16.9
"FI1",2010,16.9
"FI13",2010,NA
"FI18",2010,NA
"FI19_20",2010,16.6
"FI1A",2010,NA
"FI1B",2010,13.9
"FI1C",2010,18
"FI1D",2010,19.5
"FI2",2010,9.1
"FR",2010,19.2
"HR",2010,31.1
"HR03",2010,NA
"HR04",2010,NA
"HU",2010,29.9
"HU1",2010,25.4
"HU10",2010,25.4
"HU11",2010,NA
"HU12",2010,NA
"HU2",2010,25.3
"HU21",2010,26.8
"HU22",2010,19.4
"HU23",2010,29.7
"HU3",2010,36.6
"HU31",2010,39.2
"HU32",2010,38.1
"HU33",2010,32.4
"IE",2010,27.3
"IE01",2010,28.8
"IE02",2010,26.7
"IS",2010,13.7
"IT",2010,25
"ITC",2010,16.2
"ITC1",2010,18.2
"ITC2",2010,14.5
"ITC3",2010,16.4
"ITC4",2010,15.2
"ITF",2010,39.7
"ITF1",2010,27.4
"ITF2",2010,32
"ITF3",2010,45.1
"ITF4",2010,36.3
"ITF5",2010,35.2
"ITF6",2010,41.5
"ITG",2010,42.2
"ITG1",2010,47.4
"ITG2",2010,26.2
"ITH",2010,14.2
"ITH1",2010,10.6
"ITH2",2010,10.8
"ITH3",2010,16.1
"ITH4",2010,14.6
"ITH5",2010,12.7
"ITI",2010,19.9
"ITI1",2010,17.5
"ITI2",2010,17.7
"ITI3",2010,18.4
"ITI4",2010,22.4
"LT",2010,34
"LU",2010,17.1
"LV",2010,38.2
"MK",2010,NA
"MT",2010,21.2
"NL",2010,15.1
"NL1",2010,NA
"NL11",2010,NA
"NL12",2010,NA
"NL13",2010,NA
"NL2",2010,NA
"NL21",2010,NA
"NL22",2010,NA
"NL23",2010,NA
"NL3",2010,NA
"NL31",2010,NA
"NL32",2010,NA
"NL33",2010,NA
"NL34",2010,NA
"NL4",2010,NA
"NL41",2010,NA
"NL42",2010,NA
"NO",2010,14.9
"NO01",2010,13.2
"NO02",2010,15.5
"NO03",2010,15.8
"NO04",2010,15.2
"NO05",2010,12.3
"NO06",2010,18.4
"NO07",2010,17.5
"PL",2010,27.8
"PL1",2010,NA
"PL2",2010,NA
"PL3",2010,NA
"PL4",2010,NA
"PL5",2010,NA
"PL6",2010,NA
"PT",2010,25.3
"RO",2010,41.5
"RO1",2010,31.7
"RO11",2010,32.1
"RO12",2010,31.3
"RO2",2010,52.1
"RO21",2010,52.4
"RO22",2010,51.7
"RO3",2010,38.6
"RO31",2010,42.8
"RO32",2010,32.7
"RO4",2010,42.2
"RO41",2010,47.5
"RO42",2010,36.2
"RS",2010,NA
"SE",2010,17.7
"SE1",2010,16.1
"SE11",2010,14
"SE12",2010,18.7
"SE2",2010,18.8
"SE21",2010,17
"SE22",2010,21.4
"SE23",2010,17.5
"SE3",2010,18.6
"SE31",2010,20.3
"SE32",2010,14.4
"SE33",2010,18.9
"SI",2010,18.3
"SI01",2010,21.6
"SI02",2010,14.7
"SK",2010,20.6
"SK01",2010,13.8
"SK02",2010,18.6
"SK03",2010,21.1
"SK04",2010,25.2
"TR",2010,65.7
"UK",2010,23.2
"AT",2011,19.2
"AT11",2011,NA
"AT12",2011,NA
"AT13",2011,NA
"AT21",2011,NA
"AT22",2011,NA
"AT31",2011,NA
"AT32",2011,NA
"AT33",2011,NA
"AT34",2011,NA
"BE",2011,21
"BG",2011,49.1
"BG3",2011,54.5
"BG31",2011,53.9
"BG32",2011,59.5
"BG33",2011,52.1
"BG34",2011,53.2
"BG4",2011,43.3
"BG41",2011,37.4
"BG42",2011,51.6
"CH",2011,17.2
"CH01",2011,21.5
"CH02",2011,20.3
"CH03",2011,14.4
"CH04",2011,13
"CH05",2011,15.9
"CH06",2011,12.3
"CH07",2011,22.7
"CY",2011,24.6
"CZ",2011,15.3
"CZ01",2011,9.1
"CZ02",2011,9.6
"CZ03",2011,14.6
"CZ04",2011,24.6
"CZ05",2011,13.8
"CZ06",2011,14.2
"CZ07",2011,16.4
"CZ08",2011,22
"DE",2011,19.9
"DE11",2011,NA
"DE12",2011,NA
"DE13",2011,NA
"DE14",2011,NA
"DE21",2011,NA
"DE22",2011,NA
"DE23",2011,NA
"DE24",2011,NA
"DE25",2011,NA
"DE26",2011,NA
"DE27",2011,NA
"DE30",2011,NA
"DE40",2011,NA
"DE50",2011,NA
"DE60",2011,NA
"DE71",2011,NA
"DE72",2011,NA
"DE73",2011,NA
"DE80",2011,NA
"DE91",2011,NA
"DE92",2011,NA
"DE93",2011,NA
"DE94",2011,NA
"DEA1",2011,NA
"DEA2",2011,NA
"DEA3",2011,NA
"DEA4",2011,NA
"DEA5",2011,NA
"DEB1",2011,NA
"DEB2",2011,NA
"DEB3",2011,NA
"DEC0",2011,NA
"DED2",2011,NA
"DED4",2011,NA
"DED5",2011,NA
"DEE0",2011,NA
"DEF0",2011,NA
"DEG0",2011,NA
"DK",2011,17.6
"DK01",2011,17.7
"DK02",2011,15.8
"DK03",2011,19.6
"DK04",2011,18.1
"DK05",2011,13.9
"EE",2011,23.1
"EL",2011,31
"EL3",2011,29.1
"EL4",2011,21.3
"EL5",2011,34.2
"EL6",2011,34.2
"ES",2011,26.7
"ES1",2011,21.1
"ES11",2011,21
"ES12",2011,20.4
"ES13",2011,23
"ES2",2011,18.5
"ES21",2011,18.9
"ES22",2011,13.1
"ES23",2011,26.1
"ES24",2011,18.6
"ES3",2011,18.6
"ES30",2011,18.6
"ES4",2011,29.7
"ES41",2011,22.3
"ES42",2011,35.3
"ES43",2011,36
"ES5",2011,24.3
"ES51",2011,21.6
"ES52",2011,27.9
"ES53",2011,26.7
"ES6",2011,37.4
"ES61",2011,38.4
"ES62",2011,31.9
"ES63",2011,33.6
"ES64",2011,34.7
"ES7",2011,37.8
"ES70",2011,37.8
"FI",2011,17.9
"FI1",2011,18
"FI13",2011,NA
"FI18",2011,NA
"FI19_20",2011,18.9
"FI1A",2011,NA
"FI1B",2011,13.8
"FI1C",2011,19.2
"FI1D",2011,20.6
"FI2",2011,11.7
"FR",2011,19.3
"HR",2011,32.6
"HR03",2011,NA
"HR04",2011,NA
"HU",2011,31.5
"HU1",2011,26
"HU10",2011,26
"HU11",2011,NA
"HU12",2011,NA
"HU2",2011,28.6
"HU21",2011,27.4
"HU22",2011,22.5
"HU23",2011,36.5
"HU3",2011,37.7
"HU31",2011,40.6
"HU32",2011,38.4
"HU33",2011,34.3
"IE",2011,29.4
"IE01",2011,33.2
"IE02",2011,28
"IS",2011,13.7
"IT",2011,28.1
"ITC",2011,17.8
"ITC1",2011,21.8
"ITC2",2011,13.6
"ITC3",2011,19.4
"ITC4",2011,15.9
"ITF",2011,44.7
"ITF1",2011,34.3
"ITF2",2011,33.8
"ITF3",2011,48.3
"ITF4",2011,42
"ITF5",2011,47.6
"ITF6",2011,47.1
"ITG",2011,48.9
"ITG1",2011,54.3
"ITG2",2011,32.4
"ITH",2011,15.7
"ITH1",2011,11.1
"ITH2",2011,14.4
"ITH3",2011,16.2
"ITH4",2011,16.3
"ITH5",2011,15.7
"ITI",2011,22.3
"ITI1",2011,20
"ITI2",2011,20.7
"ITI3",2011,21.9
"ITI4",2011,24.1
"LT",2011,33.1
"LU",2011,16.8
"LV",2011,40.1
"MK",2011,NA
"MT",2011,22.1
"NL",2011,15.7
"NL1",2011,17.6
"NL11",2011,NA
"NL12",2011,NA
"NL13",2011,NA
"NL2",2011,16
"NL21",2011,NA
"NL22",2011,NA
"NL23",2011,NA
"NL3",2011,15.8
"NL31",2011,NA
"NL32",2011,NA
"NL33",2011,NA
"NL34",2011,NA
"NL4",2011,14.5
"NL41",2011,NA
"NL42",2011,NA
"NO",2011,14.5
"NO01",2011,14.6
"NO02",2011,12.5
"NO03",2011,14.2
"NO04",2011,15.2
"NO05",2011,13.1
"NO06",2011,16.3
"NO07",2011,16.6
"PL",2011,27.2
"PL1",2011,NA
"PL2",2011,NA
"PL3",2011,NA
"PL4",2011,NA
"PL5",2011,NA
"PL6",2011,NA
"PT",2011,24.4
"RO",2011,40.9
"RO1",2011,33
"RO11",2011,35.2
"RO12",2011,30.6
"RO2",2011,50.8
"RO21",2011,51.7
"RO22",2011,49.6
"RO3",2011,37.7
"RO31",2011,43.5
"RO32",2011,29.7
"RO4",2011,40.6
"RO41",2011,45.8
"RO42",2011,34.6
"RS",2011,NA
"SE",2011,18.5
"SE1",2011,17.2
"SE11",2011,14.9
"SE12",2011,20.1
"SE2",2011,19.3
"SE21",2011,18.1
"SE22",2011,20.2
"SE23",2011,19.2
"SE3",2011,19.2
"SE31",2011,20.1
"SE32",2011,18.6
"SE33",2011,18.4
"SI",2011,19.3
"SI01",2011,22.3
"SI02",2011,16.1
"SK",2011,20.6
"SK01",2011,17.1
"SK02",2011,18.1
"SK03",2011,20.9
"SK04",2011,24.6
"TR",2011,63.8
"UK",2011,22.7
"AT",2012,18.5
"AT11",2012,NA
"AT12",2012,NA
"AT13",2012,NA
"AT21",2012,NA
"AT22",2012,NA
"AT31",2012,NA
"AT32",2012,NA
"AT33",2012,NA
"AT34",2012,NA
"BE",2012,21.6
"BG",2012,49.3
"BG3",2012,53.7
"BG31",2012,52.6
"BG32",2012,53.9
"BG33",2012,51
"BG34",2012,56.7
"BG4",2012,44.6
"BG41",2012,39.1
"BG42",2012,52.6
"CH",2012,17.5
"CH01",2012,18.3
"CH02",2012,21.3
"CH03",2012,14.6
"CH04",2012,11.9
"CH05",2012,18
"CH06",2012,14.4
"CH07",2012,32.9
"CY",2012,27.1
"CZ",2012,15.4
"CZ01",2012,12.5
"CZ02",2012,12.3
"CZ03",2012,12.4
"CZ04",2012,23.7
"CZ05",2012,13.2
"CZ06",2012,13.7
"CZ07",2012,16
"CZ08",2012,20.9
"DE",2012,19.6
"DE11",2012,NA
"DE12",2012,NA
"DE13",2012,NA
"DE14",2012,NA
"DE21",2012,NA
"DE22",2012,NA
"DE23",2012,NA
"DE24",2012,NA
"DE25",2012,NA
"DE26",2012,NA
"DE27",2012,NA
"DE30",2012,NA
"DE40",2012,NA
"DE50",2012,NA
"DE60",2012,NA
"DE71",2012,NA
"DE72",2012,NA
"DE73",2012,NA
"DE80",2012,NA
"DE91",2012,NA
"DE92",2012,NA
"DE93",2012,NA
"DE94",2012,NA
"DEA1",2012,NA
"DEA2",2012,NA
"DEA3",2012,NA
"DEA4",2012,NA
"DEA5",2012,NA
"DEB1",2012,NA
"DEB2",2012,NA
"DEB3",2012,NA
"DEC0",2012,NA
"DED2",2012,NA
"DED4",2012,NA
"DED5",2012,NA
"DEE0",2012,NA
"DEF0",2012,NA
"DEG0",2012,NA
"DK",2012,17.5
"DK01",2012,18.8
"DK02",2012,18.4
"DK03",2012,15.6
"DK04",2012,18.5
"DK05",2012,13.9
"EE",2012,23.4
"EL",2012,34.6
"EL3",2012,30.6
"EL4",2012,31.3
"EL5",2012,36.8
"EL6",2012,39.7
"ES",2012,27.2
"ES1",2012,24
"ES11",2012,23.8
"ES12",2012,24.5
"ES13",2012,24.1
"ES2",2012,17.5
"ES21",2012,17.7
"ES22",2012,12
"ES23",2012,22.6
"ES24",2012,18.4
"ES3",2012,19.8
"ES30",2012,19.8
"ES4",2012,28.7
"ES41",2012,20.4
"ES42",2012,35.1
"ES43",2012,35.2
"ES5",2012,25.7
"ES51",2012,22.6
"ES52",2012,30.6
"ES53",2012,25.1
"ES6",2012,36.2
"ES61",2012,36.9
"ES62",2012,33.5
"ES63",2012,38.4
"ES64",2012,14.5
"ES7",2012,40.3
"ES70",2012,40.3
"FI",2012,17.2
"FI1",2012,17.2
"FI13",2012,NA
"FI18",2012,NA
"FI19_20",2012,18.6
"FI1A",2012,NA
"FI1B",2012,11.3
"FI1C",2012,18.8
"FI1D",2012,21.2
"FI2",2012,20.5
"FR",2012,19.1
"HR",2012,32.6
"HR03",2012,NA
"HR04",2012,NA
"HU",2012,33.5
"HU1",2012,28.5
"HU10",2012,28.5
"HU11",2012,NA
"HU12",2012,NA
"HU2",2012,29.5
"HU21",2012,29.3
"HU22",2012,22.4
"HU23",2012,37.1
"HU3",2012,40.1
"HU31",2012,43.7
"HU32",2012,41.3
"HU33",2012,35.4
"IE",2012,30.3
"IE01",2012,NA
"IE02",2012,NA
"IS",2012,12.7
"IT",2012,29.9
"ITC",2012,19.8
"ITC1",2012,20.3
"ITC2",2012,15
"ITC3",2012,21.4
"ITC4",2012,19.3
"ITF",2012,46.7
"ITF1",2012,27.7
"ITF2",2012,36.1
"ITF3",2012,50.1
"ITF4",2012,49
"ITF5",2012,46.9
"ITF6",2012,46.4
"ITG",2012,49.9
"ITG1",2012,56.9
"ITG2",2012,28.4
"ITH",2012,16.7
"ITH1",2012,12.2
"ITH2",2012,19.2
"ITH3",2012,17.1
"ITH4",2012,18
"ITH5",2012,16
"ITI",2012,24.9
"ITI1",2012,21.2
"ITI2",2012,22
"ITI3",2012,23.2
"ITI4",2012,28.3
"LT",2012,32.5
"LU",2012,18.4
"LV",2012,36.2
"MK",2012,50.3
"MT",2012,23.1
"NL",2012,15
"NL1",2012,15.1
"NL11",2012,NA
"NL12",2012,NA
"NL13",2012,NA
"NL2",2012,14.3
"NL21",2012,NA
"NL22",2012,NA
"NL23",2012,NA
"NL3",2012,16.2
"NL31",2012,NA
"NL32",2012,NA
"NL33",2012,NA
"NL34",2012,NA
"NL4",2012,13
"NL41",2012,NA
"NL42",2012,NA
"NO",2012,13.8
"NO01",2012,13.9
"NO02",2012,14.3
"NO03",2012,12.9
"NO04",2012,12.7
"NO05",2012,13.3
"NO06",2012,15.5
"NO07",2012,15.2
"PL",2012,26.7
"PL1",2012,23.6
"PL2",2012,24.5
"PL3",2012,33.4
"PL4",2012,27.1
"PL5",2012,26.6
"PL6",2012,25.8
"PT",2012,25.3
"RO",2012,43.2
"RO1",2012,33.9
"RO11",2012,33.5
"RO12",2012,34.3
"RO2",2012,53
"RO21",2012,52.1
"RO22",2012,54.1
"RO3",2012,39.6
"RO31",2012,45.5
"RO32",2012,31.4
"RO4",2012,45.3
"RO41",2012,48.4
"RO42",2012,41.7
"RS",2012,NA
"SE",2012,17.8
"SE1",2012,15.8
"SE11",2012,13.5
"SE12",2012,18.9
"SE2",2012,18.6
"SE21",2012,16.1
"SE22",2012,21.3
"SE23",2012,17.8
"SE3",2012,19.9
"SE31",2012,19.2
"SE32",2012,21.2
"SE33",2012,20.1
"SI",2012,19.6
"SI01",2012,22.5
"SI02",2012,16.5
"SK",2012,20.5
"SK01",2012,16.9
"SK02",2012,18.7
"SK03",2012,22.1
"SK04",2012,22.7
"TR",2012,61.3
"UK",2012,24.1
"AT",2013,18.8
"AT11",2013,NA
"AT12",2013,NA
"AT13",2013,NA
"AT21",2013,NA
"AT22",2013,NA
"AT31",2013,NA
"AT32",2013,NA
"AT33",2013,NA
"AT34",2013,NA
"BE",2013,20.8
"BG",2013,48
"BG3",2013,51.8
"BG31",2013,52.8
"BG32",2013,48.4
"BG33",2013,54.7
"BG34",2013,51.1
"BG4",2013,44.1
"BG41",2013,37.1
"BG42",2013,54.2
"CH",2013,16.3
"CH01",2013,15.6
"CH02",2013,19.7
"CH03",2013,13.2
"CH04",2013,12.1
"CH05",2013,17.9
"CH06",2013,13.7
"CH07",2013,30.2
"CY",2013,27.8
"CZ",2013,14.6
"CZ01",2013,10.2
"CZ02",2013,9.9
"CZ03",2013,11.5
"CZ04",2013,25.8
"CZ05",2013,13.8
"CZ06",2013,11.1
"CZ07",2013,14.7
"CZ08",2013,22.9
"DE",2013,20.3
"DE11",2013,NA
"DE12",2013,NA
"DE13",2013,NA
"DE14",2013,NA
"DE21",2013,NA
"DE22",2013,NA
"DE23",2013,NA
"DE24",2013,NA
"DE25",2013,NA
"DE26",2013,NA
"DE27",2013,NA
"DE30",2013,NA
"DE40",2013,NA
"DE50",2013,NA
"DE60",2013,NA
"DE71",2013,NA
"DE72",2013,NA
"DE73",2013,NA
"DE80",2013,NA
"DE91",2013,NA
"DE92",2013,NA
"DE93",2013,NA
"DE94",2013,NA
"DEA1",2013,NA
"DEA2",2013,NA
"DEA3",2013,NA
"DEA4",2013,NA
"DEA5",2013,NA
"DEB1",2013,NA
"DEB2",2013,NA
"DEB3",2013,NA
"DEC0",2013,NA
"DED2",2013,NA
"DED4",2013,NA
"DED5",2013,NA
"DEE0",2013,NA
"DEF0",2013,NA
"DEG0",2013,NA
"DK",2013,18.3
"DK01",2013,16.7
"DK02",2013,16.3
"DK03",2013,17
"DK04",2013,21.3
"DK05",2013,20.5
"EE",2013,23.5
"EL",2013,35.7
"EL3",2013,34
"EL4",2013,33.7
"EL5",2013,37
"EL6",2013,37.7
"ES",2013,27.3
"ES1",2013,23.9
"ES11",2013,24.3
"ES12",2013,21.8
"ES13",2013,25.3
"ES2",2013,17.7
"ES21",2013,16.8
"ES22",2013,14.5
"ES23",2013,22.2
"ES24",2013,19.8
"ES3",2013,20.1
"ES30",2013,20.1
"ES4",2013,29.6
"ES41",2013,20.8
"ES42",2013,36.7
"ES43",2013,36.1
"ES5",2013,25
"ES51",2013,20.1
"ES52",2013,31.7
"ES53",2013,27.8
"ES6",2013,37.7
"ES61",2013,38.3
"ES62",2013,34.1
"ES63",2013,47
"ES64",2013,31.4
"ES7",2013,35.5
"ES70",2013,35.5
"FI",2013,16
"FI1",2013,15.9
"FI13",2013,NA
"FI18",2013,NA
"FI19_20",2013,16
"FI1A",2013,NA
"FI1B",2013,11.6
"FI1C",2013,17.5
"FI1D",2013,19.7
"FI2",2013,25.5
"FR",2013,18.1
"HR",2013,29.9
"HR03",2013,26.3
"HR04",2013,31.7
"HU",2013,34.8
"HU1",2013,32.4
"HU10",2013,32.4
"HU11",2013,NA
"HU12",2013,NA
"HU2",2013,29.3
"HU21",2013,27.6
"HU22",2013,23.7
"HU23",2013,37.3
"HU3",2013,40.8
"HU31",2013,45.1
"HU32",2013,43.5
"HU33",2013,33.6
"IE",2013,29.9
"IE01",2013,NA
"IE02",2013,NA
"IS",2013,13
"IT",2013,28.5
"ITC",2013,18
"ITC1",2013,16.5
"ITC2",2013,21.3
"ITC3",2013,23.4
"ITC4",2013,17.7
"ITF",2013,45
"ITF1",2013,26.1
"ITF2",2013,44.7
"ITF3",2013,49.8
"ITF4",2013,43.6
"ITF5",2013,48.5
"ITF6",2013,45.6
"ITG",2013,49.4
"ITG1",2013,55
"ITG2",2013,32.2
"ITH",2013,16.5
"ITH1",2013,12.4
"ITH2",2013,13.2
"ITH3",2013,16.1
"ITH4",2013,16.1
"ITH5",2013,17.8
"ITI",2013,22.8
"ITI1",2013,18.4
"ITI2",2013,22.7
"ITI3",2013,21.8
"ITI4",2013,26.1
"LT",2013,30.8
"LU",2013,19
"LV",2013,35.1
"MK",2013,48.1
"MT",2013,24.6
"NL",2013,15.9
"NL1",2013,16.4
"NL11",2013,NA
"NL12",2013,NA
"NL13",2013,NA
"NL2",2013,14.1
"NL21",2013,NA
"NL22",2013,NA
"NL23",2013,NA
"NL3",2013,17.4
"NL31",2013,NA
"NL32",2013,NA
"NL33",2013,NA
"NL34",2013,NA
"NL4",2013,14.2
"NL41",2013,NA
"NL42",2013,NA
"NO",2013,14.2
"NO01",2013,15.2
"NO02",2013,14.4
"NO03",2013,14
"NO04",2013,11.9
"NO05",2013,12.5
"NO06",2013,17.4
"NO07",2013,15
"PL",2013,25.8
"PL1",2013,23.6
"PL2",2013,24.7
"PL3",2013,30.6
"PL4",2013,24.6
"PL5",2013,25.2
"PL6",2013,26.4
"PT",2013,27.5
"RO",2013,41.9
"RO1",2013,34
"RO11",2013,32.3
"RO12",2013,36
"RO2",2013,52.6
"RO21",2013,51.5
"RO22",2013,53.9
"RO3",2013,37.2
"RO31",2013,42
"RO32",2013,30.7
"RO4",2013,42.6
"RO41",2013,44.6
"RO42",2013,40.4
"RS",2013,42
"SE",2013,18.3
"SE1",2013,16.5
"SE11",2013,14.8
"SE12",2013,18.9
"SE2",2013,19.8
"SE21",2013,19.4
"SE22",2013,22.4
"SE23",2013,17.9
"SE3",2013,18.5
"SE31",2013,19.8
"SE32",2013,20.3
"SE33",2013,15.2
"SI",2013,20.4
"SI01",2013,22.5
"SI02",2013,18.1
"SK",2013,19.8
"SK01",2013,19.6
"SK02",2013,17.7
"SK03",2013,20
"SK04",2013,21.9
"TR",2013,51.2
"UK",2013,24.8
"AT",2014,19.2
"AT11",2014,11.9
"AT12",2014,14.9
"AT13",2014,28.4
"AT21",2014,18.7
"AT22",2014,16.3
"AT31",2014,15.2
"AT32",2014,16
"AT33",2014,18.4
"AT34",2014,21.9
"BE",2014,21.2
"BG",2014,40.1
"BG3",2014,44
"BG31",2014,46.1
"BG32",2014,43.7
"BG33",2014,45.6
"BG34",2014,41.2
"BG4",2014,36.1
"BG41",2014,28.6
"BG42",2014,46.9
"CH",2014,16.4
"CH01",2014,16.7
"CH02",2014,19.7
"CH03",2014,16.2
"CH04",2014,11.1
"CH05",2014,16.4
"CH06",2014,12.9
"CH07",2014,28.5
"CY",2014,27.4
"CZ",2014,14.8
"CZ01",2014,10.2
"CZ02",2014,9.8
"CZ03",2014,12.5
"CZ04",2014,21.9
"CZ05",2014,14
"CZ06",2014,12.8
"CZ07",2014,17
"CZ08",2014,22.5
"DE",2014,20.6
"DE11",2014,NA
"DE12",2014,NA
"DE13",2014,NA
"DE14",2014,NA
"DE21",2014,NA
"DE22",2014,NA
"DE23",2014,NA
"DE24",2014,NA
"DE25",2014,NA
"DE26",2014,NA
"DE27",2014,NA
"DE30",2014,NA
"DE40",2014,NA
"DE50",2014,NA
"DE60",2014,NA
"DE71",2014,NA
"DE72",2014,NA
"DE73",2014,NA
"DE80",2014,NA
"DE91",2014,NA
"DE92",2014,NA
"DE93",2014,NA
"DE94",2014,NA
"DEA1",2014,NA
"DEA2",2014,NA
"DEA3",2014,NA
"DEA4",2014,NA
"DEA5",2014,NA
"DEB1",2014,NA
"DEB2",2014,NA
"DEB3",2014,NA
"DEC0",2014,NA
"DED2",2014,NA
"DED4",2014,NA
"DED5",2014,NA
"DEE0",2014,NA
"DEF0",2014,NA
"DEG0",2014,NA
"DK",2014,17.9
"DK01",2014,18.4
"DK02",2014,18.1
"DK03",2014,17.7
"DK04",2014,18.1
"DK05",2014,16.5
"EE",2014,26
"EL",2014,36
"EL3",2014,31.6
"EL4",2014,39.4
"EL5",2014,36.7
"EL6",2014,40.6
"ES",2014,29.2
"ES1",2014,24.2
"ES11",2014,23.8
"ES12",2014,23.4
"ES13",2014,27.4
"ES2",2014,17.2
"ES21",2014,15.3
"ES22",2014,14.5
"ES23",2014,20.1
"ES24",2014,20.7
"ES3",2014,19.2
"ES30",2014,19.2
"ES4",2014,32.7
"ES41",2014,26.1
"ES42",2014,36.9
"ES43",2014,39.8
"ES5",2014,26.7
"ES51",2014,21.8
"ES52",2014,34.7
"ES53",2014,23.8
"ES6",2014,42.6
"ES61",2014,42.3
"ES62",2014,44.9
"ES63",2014,47.9
"ES64",2014,25.8
"ES7",2014,37
"ES70",2014,37
"FI",2014,17.3
"FI1",2014,17.2
"FI13",2014,NA
"FI18",2014,NA
"FI19_20",2014,17.7
"FI1A",2014,NA
"FI1B",2014,12.6
"FI1C",2014,18
"FI1D",2014,21.6
"FI2",2014,20.2
"FR",2014,18.5
"HR",2014,29.3
"HR03",2014,26.8
"HR04",2014,30.5
"HU",2014,31.8
"HU1",2014,29.1
"HU10",2014,29.1
"HU11",2014,NA
"HU12",2014,NA
"HU2",2014,27.8
"HU21",2014,23.4
"HU22",2014,23.6
"HU23",2014,37.5
"HU3",2014,36.9
"HU31",2014,41.7
"HU32",2014,38.8
"HU33",2014,30.2
"IE",2014,27.5
"IE01",2014,NA
"IE02",2014,NA
"IS",2014,11.2
"IT",2014,28.3
"ITC",2014,19.1
"ITC1",2014,18.8
"ITC2",2014,17.5
"ITC3",2014,26.5
"ITC4",2014,18.1
"ITF",2014,43.4
"ITF1",2014,29.5
"ITF2",2014,40.7
"ITF3",2014,49
"ITF4",2014,40.6
"ITF5",2014,39.6
"ITF6",2014,43.5
"ITG",2014,50.3
"ITG1",2014,54.4
"ITG2",2014,37.7
"ITH",2014,16.2
"ITH1",2014,9.7
"ITH2",2014,13.6
"ITH3",2014,16.9
"ITH4",2014,16.3
"ITH5",2014,16.4
"ITI",2014,22.1
"ITI1",2014,19.2
"ITI2",2014,21.9
"ITI3",2014,19.6
"ITI4",2014,24.7
"LT",2014,27.3
"LU",2014,19
"LV",2014,32.7
"MK",2014,43.3
"MT",2014,23.9
"NL",2014,16.5
"NL1",2014,15.8
"NL11",2014,NA
"NL12",2014,NA
"NL13",2014,NA
"NL2",2014,16.3
"NL21",2014,NA
"NL22",2014,NA
"NL23",2014,NA
"NL3",2014,17.9
"NL31",2014,NA
"NL32",2014,NA
"NL33",2014,NA
"NL34",2014,NA
"NL4",2014,13.9
"NL41",2014,NA
"NL42",2014,NA
"NO",2014,13.5
"NO01",2014,12.1
"NO02",2014,17.1
"NO03",2014,14.8
"NO04",2014,11.5
"NO05",2014,13
"NO06",2014,14.7
"NO07",2014,14.5
"PL",2014,24.7
"PL1",2014,22.6
"PL2",2014,21.7
"PL3",2014,29.1
"PL4",2014,24
"PL5",2014,24.1
"PL6",2014,27.5
"PT",2014,27.5
"RO",2014,40.3
"RO1",2014,33.8
"RO11",2014,32.1
"RO12",2014,35.7
"RO2",2014,51.1
"RO21",2014,49.4
"RO22",2014,53.2
"RO3",2014,34.7
"RO31",2014,41.7
"RO32",2014,25.1
"RO4",2014,40.5
"RO41",2014,40.9
"RO42",2014,40.1
"RS",2014,42.6
"SE",2014,18.2
"SE1",2014,15.6
"SE11",2014,14.4
"SE12",2014,17.2
"SE2",2014,19.7
"SE21",2014,19.3
"SE22",2014,20
"SE23",2014,19.7
"SE3",2014,20
"SE31",2014,21.3
"SE32",2014,24.5
"SE33",2014,14.5
"SI",2014,20.4
"SI01",2014,22.5
"SI02",2014,17.9
"SK",2014,18.4
"SK01",2014,16.5
"SK02",2014,15.4
"SK03",2014,20.2
"SK04",2014,21
"TR",2014,41.6
"UK",2014,24.1
"AT",2015,18.3
"AT11",2015,14.2
"AT12",2015,13.6
"AT13",2015,27.3
"AT21",2015,16.6
"AT22",2015,17.1
"AT31",2015,15.5
"AT32",2015,15.6
"AT33",2015,19.2
"AT34",2015,22.6
"BE",2015,21.1
"BG",2015,41.3
"BG3",2015,45.1
"BG31",2015,44.8
"BG32",2015,44.9
"BG33",2015,48.3
"BG34",2015,42.5
"BG4",2015,37.5
"BG41",2015,30
"BG42",2015,48.6
"CH",2015,18.2
"CH01",2015,18.1
"CH02",2015,19.3
"CH03",2015,15.2
"CH04",2015,14.4
"CH05",2015,18.5
"CH06",2015,19.3
"CH07",2015,34.3
"CY",2015,28.9
"CZ",2015,14
"CZ01",2015,10.6
"CZ02",2015,10
"CZ03",2015,11.2
"CZ04",2015,21.7
"CZ05",2015,10.2
"CZ06",2015,12.6
"CZ07",2015,16.4
"CZ08",2015,21.7
"DE",2015,20
"DE11",2015,NA
"DE12",2015,NA
"DE13",2015,NA
"DE14",2015,NA
"DE21",2015,NA
"DE22",2015,NA
"DE23",2015,NA
"DE24",2015,NA
"DE25",2015,NA
"DE26",2015,NA
"DE27",2015,NA
"DE30",2015,NA
"DE40",2015,NA
"DE50",2015,NA
"DE60",2015,NA
"DE71",2015,NA
"DE72",2015,NA
"DE73",2015,NA
"DE80",2015,NA
"DE91",2015,NA
"DE92",2015,NA
"DE93",2015,NA
"DE94",2015,NA
"DEA1",2015,NA
"DEA2",2015,NA
"DEA3",2015,NA
"DEA4",2015,NA
"DEA5",2015,NA
"DEB1",2015,NA
"DEB2",2015,NA
"DEB3",2015,NA
"DEC0",2015,NA
"DED2",2015,NA
"DED4",2015,NA
"DED5",2015,NA
"DEE0",2015,NA
"DEF0",2015,NA
"DEG0",2015,NA
"DK",2015,17.7
"DK01",2015,18.8
"DK02",2015,14
"DK03",2015,17.8
"DK04",2015,16.9
"DK05",2015,21.7
"EE",2015,24.2
"EL",2015,35.7
"EL3",2015,31.5
"EL4",2015,39.4
"EL5",2015,35.6
"EL6",2015,40.4
"ES",2015,28.6
"ES1",2015,24.6
"ES11",2015,25.7
"ES12",2015,24.2
"ES13",2015,20.4
"ES2",2015,17.3
"ES21",2015,17.6
"ES22",2015,13
"ES23",2015,22.1
"ES24",2015,17.7
"ES3",2015,20.5
"ES30",2015,20.5
"ES4",2015,30.6
"ES41",2015,23.3
"ES42",2015,36.7
"ES43",2015,35.2
"ES5",2015,25.1
"ES51",2015,19.8
"ES52",2015,32.9
"ES53",2015,26.3
"ES6",2015,42.4
"ES61",2015,43.2
"ES62",2015,38.8
"ES63",2015,41.7
"ES64",2015,31.8
"ES7",2015,37.9
"ES70",2015,37.9
"FI",2015,16.8
"FI1",2015,16.8
"FI13",2015,NA
"FI18",2015,NA
"FI19_20",2015,18.2
"FI1A",2015,NA
"FI1B",2015,12.3
"FI1C",2015,17.1
"FI1D",2015,20.2
"FI2",2015,16.6
"FR",2015,17.7
"HR",2015,29.1
"HR03",2015,25
"HR04",2015,31.1
"HU",2015,28.2
"HU1",2015,24.3
"HU10",2015,24.3
"HU11",2015,NA
"HU12",2015,NA
"HU2",2015,25
"HU21",2015,24.3
"HU22",2015,19.4
"HU23",2015,31.7
"HU3",2015,33.6
"HU31",2015,37.3
"HU32",2015,34.6
"HU33",2015,29.1
"IE",2015,26
"IE01",2015,NA
"IE02",2015,NA
"IS",2015,12.5
"IT",2015,28.7
"ITC",2015,18.5
"ITC1",2015,18
"ITC2",2015,17.9
"ITC3",2015,25.8
"ITC4",2015,17.6
"ITF",2015,44.3
"ITF1",2015,30.1
"ITF2",2015,31.7
"ITF3",2015,46.1
"ITF4",2015,47.8
"ITF5",2015,41.5
"ITF6",2015,44.2
"ITG",2015,50.8
"ITG1",2015,55.4
"ITG2",2015,36.6
"ITH",2015,15.9
"ITH1",2015,13.7
"ITH2",2015,15.8
"ITH3",2015,16.8
"ITH4",2015,14.5
"ITH5",2015,15.4
"ITI",2015,24
"ITI1",2015,18.6
"ITI2",2015,28.5
"ITI3",2015,23
"ITI4",2015,27
"LT",2015,29.3
"LU",2015,18.5
"LV",2015,30.9
"MK",2015,41.6
"MT",2015,23
"NL",2015,16.4
"NL1",2015,18.4
"NL11",2015,NA
"NL12",2015,NA
"NL13",2015,NA
"NL2",2015,15
"NL21",2015,NA
"NL22",2015,NA
"NL23",2015,NA
"NL3",2015,17.5
"NL31",2015,NA
"NL32",2015,NA
"NL33",2015,NA
"NL34",2015,NA
"NL4",2015,14.2
"NL41",2015,NA
"NL42",2015,NA
"NO",2015,15
"NO01",2015,14.6
"NO02",2015,16.8
"NO03",2015,15.5
"NO04",2015,12.8
"NO05",2015,14.2
"NO06",2015,16.8
"NO07",2015,16.9
"PL",2015,23.4
"PL1",2015,21.2
"PL2",2015,21.6
"PL3",2015,27.6
"PL4",2015,23.7
"PL5",2015,21
"PL6",2015,25.5
"PT",2015,26.6
"RO",2015,37.4
"RO1",2015,29.7
"RO11",2015,28
"RO12",2015,31.6
"RO2",2015,46.2
"RO21",2015,46.3
"RO22",2015,46.2
"RO3",2015,34.4
"RO31",2015,43.5
"RO32",2015,20.5
"RO4",2015,37.6
"RO41",2015,41.9
"RO42",2015,32
"RS",2015,41.7
"SE",2015,18.6
"SE1",2015,17.6
"SE11",2015,14.7
"SE12",2015,21.5
"SE2",2015,19.7
"SE21",2015,18.7
"SE22",2015,21.6
"SE23",2015,18.7
"SE3",2015,18.2
"SE31",2015,18.5
"SE32",2015,16
"SE33",2015,19.4
"SI",2015,19.2
"SI01",2015,20.8
"SI02",2015,17.2
"SK",2015,18.4
"SK01",2015,16.2
"SK02",2015,15.8
"SK03",2015,20.5
"SK04",2015,20.4
"TR",2015,41.3
"UK",2015,23.5
"AT",2016,18
"AT11",2016,15.1
"AT12",2016,13
"AT13",2016,26
"AT21",2016,16.3
"AT22",2016,18.4
"AT31",2016,14.3
"AT32",2016,15.5
"AT33",2016,19.2
"AT34",2016,23.2
"BE",2016,20.7
"BG",2016,40.4
"BG3",2016,44.1
"BG31",2016,46
"BG32",2016,44.3
"BG33",2016,44.1
"BG34",2016,42.4
"BG4",2016,36.6
"BG41",2016,30.1
"BG42",2016,46.2
"CH",2016,17.8
"CH01",2016,20.4
"CH02",2016,20.6
"CH03",2016,15.4
"CH04",2016,13.5
"CH05",2016,16.1
"CH06",2016,13.3
"CH07",2016,33.3
"CY",2016,27.7
"CZ",2016,13.3
"CZ01",2016,10.1
"CZ02",2016,10.3
"CZ03",2016,10
"CZ04",2016,19.5
"CZ05",2016,11.7
"CZ06",2016,11.5
"CZ07",2016,13.1
"CZ08",2016,22.1
"DE",2016,19.7
"DE11",2016,14.6
"DE12",2016,16.2
"DE13",2016,15.3
"DE14",2016,13.7
"DE21",2016,16.2
"DE22",2016,22.2
"DE23",2016,19.3
"DE24",2016,NA
"DE25",2016,23.3
"DE26",2016,21.1
"DE27",2016,17.2
"DE30",2016,24.8
"DE40",2016,20.4
"DE50",2016,28.3
"DE60",2016,20
"DE71",2016,14.4
"DE72",2016,16.4
"DE73",2016,13.7
"DE80",2016,26.3
"DE91",2016,21.2
"DE92",2016,18.8
"DE93",2016,13.9
"DE94",2016,21.5
"DEA1",2016,21.7
"DEA2",2016,19.1
"DEA3",2016,18.2
"DEA4",2016,19.2
"DEA5",2016,23
"DEB1",2016,20.3
"DEB2",2016,15.6
"DEB3",2016,22.7
"DEC0",2016,21.9
"DED2",2016,19.5
"DED4",2016,22.9
"DED5",2016,22.8
"DEE0",2016,24
"DEF0",2016,19.1
"DEG0",2016,23.3
"DK",2016,16.8
"DK01",2016,18.5
"DK02",2016,15.6
"DK03",2016,16.2
"DK04",2016,15.9
"DK05",2016,16.6
"EE",2016,24.4
"EL",2016,35.6
"EL3",2016,31.8
"EL4",2016,37.5
"EL5",2016,35.9
"EL6",2016,40
"ES",2016,27.9
"ES1",2016,23.6
"ES11",2016,25.4
"ES12",2016,18.5
"ES13",2016,24.6
"ES2",2016,16.4
"ES21",2016,15.9
"ES22",2016,13
"ES23",2016,17.4
"ES24",2016,18.7
"ES3",2016,21.7
"ES30",2016,21.7
"ES4",2016,31
"ES41",2016,23.2
"ES42",2016,37.9
"ES43",2016,35.8
"ES5",2016,22.6
"ES51",2016,17.9
"ES52",2016,30.5
"ES53",2016,19.1
"ES6",2016,40.6
"ES61",2016,41.7
"ES62",2016,34.8
"ES63",2016,41.9
"ES64",2016,29.3
"ES7",2016,44.6
"ES70",2016,44.6
"FI",2016,16.6
"FI1",2016,16.6
"FI13",2016,NA
"FI18",2016,NA
"FI19_20",2016,19
"FI1A",2016,NA
"FI1B",2016,12.5
"FI1C",2016,16.3
"FI1D",2016,19.1
"FI2",2016,7.2
"FR",2016,18.2
"HR",2016,27.9
"HR03",2016,23.3
"HR04",2016,30.3
"HU",2016,26.3
"HU1",2016,22.8
"HU10",2016,22.8
"HU11",2016,NA
"HU12",2016,NA
"HU2",2016,22.3
"HU21",2016,21.3
"HU22",2016,18.4
"HU23",2016,27.8
"HU3",2016,32
"HU31",2016,37.6
"HU32",2016,32.1
"HU33",2016,26.7
"IE",2016,24.2
"IE01",2016,NA
"IE02",2016,NA
"IS",2016,12.2
"IT",2016,30
"ITC",2016,21
"ITC1",2016,22.9
"ITC2",2016,20.5
"ITC3",2016,23.9
"ITC4",2016,19.7
"ITF",2016,44.8
"ITF1",2016,31.5
"ITF2",2016,37
"ITF3",2016,49.9
"ITF4",2016,42.2
"ITF5",2016,40
"ITF6",2016,46.7
"ITG",2016,51.3
"ITG1",2016,55.6
"ITG2",2016,38
"ITH",2016,17.1
"ITH1",2016,9.6
"ITH2",2016,23.5
"ITH3",2016,17.9
"ITH4",2016,17.7
"ITH5",2016,16.1
"ITI",2016,25.1
"ITI1",2016,16.9
"ITI2",2016,23.5
"ITI3",2016,24.4
"ITI4",2016,30.8
"LT",2016,30.1
"LU",2016,19.8
"LV",2016,28.5
"MK",2016,41.1
"MT",2016,20.3
"NL",2016,16.7
"NL1",2016,19.2
"NL11",2016,23.7
"NL12",2016,17.4
"NL13",2016,16
"NL2",2016,15.6
"NL21",2016,15.5
"NL22",2016,15.4
"NL23",2016,17
"NL3",2016,17.7
"NL31",2016,15.2
"NL32",2016,18.1
"NL33",2016,18.7
"NL34",2016,14
"NL4",2016,14.4
"NL41",2016,13.4
"NL42",2016,16.8
"NO",2016,15.3
"NO01",2016,16.1
"NO02",2016,15.6
"NO03",2016,16.1
"NO04",2016,14.1
"NO05",2016,15.4
"NO06",2016,15
"NO07",2016,13.4
"PL",2016,21.9
"PL1",2016,18.7
"PL2",2016,20.8
"PL3",2016,27.7
"PL4",2016,21.6
"PL5",2016,22.1
"PL6",2016,21.5
"PT",2016,25.1
"RO",2016,38.8
"RO1",2016,29.4
"RO11",2016,29.3
"RO12",2016,29.5
"RO2",2016,45.5
"RO21",2016,46
"RO22",2016,44.9
"RO3",2016,37.7
"RO31",2016,41.2
"RO32",2016,32.9
"RO4",2016,42.6
"RO41",2016,44.2
"RO42",2016,40.7
"RS",2016,38.5
"SE",2016,18.3
"SE1",2016,16.2
"SE11",2016,14.5
"SE12",2016,18.5
"SE2",2016,20.2
"SE21",2016,19.3
"SE22",2016,22
"SE23",2016,19.3
"SE3",2016,18
"SE31",2016,15.5
"SE32",2016,23.7
"SE33",2016,18.2
"SI",2016,18.4
"SI01",2016,19.9
"SI02",2016,16.7
"SK",2016,18.1
"SK01",2016,13.8
"SK02",2016,15.3
"SK03",2016,19.7
"SK04",2016,21.7
"TR",2016,45.1
"UK",2016,22.2
"AT",2017,18.1
"AT11",2017,NA
"AT12",2017,NA
"AT13",2017,NA
"AT21",2017,NA
"AT22",2017,NA
"AT31",2017,NA
"AT32",2017,NA
"AT33",2017,NA
"AT34",2017,NA
"BE",2017,20.3
"BG",2017,38.9
"BG3",2017,42.6
"BG31",2017,46.7
"BG32",2017,41.6
"BG33",2017,42.7
"BG34",2017,40.1
"BG4",2017,35.1
"BG41",2017,29.3
"BG42",2017,43.8
"CH",2017,NA
"CH01",2017,NA
"CH02",2017,NA
"CH03",2017,NA
"CH04",2017,NA
"CH05",2017,NA
"CH06",2017,NA
"CH07",2017,NA
"CY",2017,25.2
"CZ",2017,12.2
"CZ01",2017,9.4
"CZ02",2017,10.4
"CZ03",2017,9.7
"CZ04",2017,16.7
"CZ05",2017,9.9
"CZ06",2017,11.7
"CZ07",2017,12.3
"CZ08",2017,19.2
"DE",2017,19
"DE11",2017,13.4
"DE12",2017,15.8
"DE13",2017,14.3
"DE14",2017,13.9
"DE21",2017,16.1
"DE22",2017,21.3
"DE23",2017,18
"DE24",2017,NA
"DE25",2017,21.5
"DE26",2017,18.8
"DE27",2017,16.3
"DE30",2017,24.1
"DE40",2017,19.1
"DE50",2017,28.5
"DE60",2017,21.6
"DE71",2017,14.5
"DE72",2017,17.1
"DE73",2017,14.4
"DE80",2017,24.4
"DE91",2017,21.4
"DE92",2017,18.4
"DE93",2017,13.3
"DE94",2017,20.2
"DEA1",2017,21.4
"DEA2",2017,19.8
"DEA3",2017,18.1
"DEA4",2017,16.9
"DEA5",2017,21.3
"DEB1",2017,20.2
"DEB2",2017,17.6
"DEB3",2017,19.3
"DEC0",2017,21.7
"DED2",2017,19.8
"DED4",2017,23.1
"DED5",2017,20.4
"DEE0",2017,21.8
"DEF0",2017,20.8
"DEG0",2017,22.3
"DK",2017,17.2
"DK01",2017,18.4
"DK02",2017,17.5
"DK03",2017,16.8
"DK04",2017,15.7
"DK05",2017,17.3
"EE",2017,23.4
"EL",2017,34.8
"EL3",2017,31.1
"EL4",2017,38.8
"EL5",2017,33.9
"EL6",2017,39.7
"ES",2017,26.6
"ES1",2017,21
"ES11",2017,22.6
"ES12",2017,17.2
"ES13",2017,20.5
"ES2",2017,14.7
"ES21",2017,14.5
"ES22",2017,13.5
"ES23",2017,14.4
"ES24",2017,15.8
"ES3",2017,20.6
"ES30",2017,20.6
"ES4",2017,29.2
"ES41",2017,18.4
"ES42",2017,33.9
"ES43",2017,44.3
"ES5",2017,24.2
"ES51",2017,19.4
"ES52",2017,31.3
"ES53",2017,24.7
"ES6",2017,36.9
"ES61",2017,37.3
"ES62",2017,34.7
"ES63",2017,35.8
"ES64",2017,29.4
"ES7",2017,40.2
"ES70",2017,40.2
"FI",2017,15.7
"FI1",2017,15.7
"FI13",2017,NA
"FI18",2017,NA
"FI19_20",2017,18.5
"FI1A",2017,NA
"FI1B",2017,11.8
"FI1C",2017,15.3
"FI1D",2017,17.5
"FI2",2017,12.9
"FR",2017,17.1
"HR",2017,26.4
"HR03",2017,24.5
"HR04",2017,27.3
"HU",2017,25.6
"HU1",2017,22.3
"HU10",2017,22.3
"HU11",2017,NA
"HU12",2017,NA
"HU2",2017,22.6
"HU21",2017,18.4
"HU22",2017,20
"HU23",2017,30.3
"HU3",2017,30.4
"HU31",2017,36.1
"HU32",2017,29.2
"HU33",2017,26.5
"IE",2017,22.7
"IE01",2017,NA
"IE02",2017,NA
"IS",2017,NA
"IT",2017,28.9
"ITC",2017,20.7
"ITC1",2017,22
"ITC2",2017,19.9
"ITC3",2017,23
"ITC4",2017,19.7
"ITF",2017,42.3
"ITF1",2017,34.8
"ITF2",2017,38.3
"ITF3",2017,46.3
"ITF4",2017,38.2
"ITF5",2017,36.2
"ITF6",2017,46.3
"ITG",2017,48.7
"ITG1",2017,52.1
"ITG2",2017,38.1
"ITH",2017,16.1
"ITH1",2017,8.5
"ITH2",2017,19.3
"ITH3",2017,15.4
"ITH4",2017,17.2
"ITH5",2017,17.2
"ITI",2017,25.3
"ITI1",2017,20.8
"ITI2",2017,20.7
"ITI3",2017,24.9
"ITI4",2017,28.9
"LT",2017,29.6
"LU",2017,21.5
"LV",2017,28.2
"MK",2017,41.6
"MT",2017,19.3
"NL",2017,17
"NL1",2017,18.9
"NL11",2017,21.9
"NL12",2017,18.4
"NL13",2017,15.9
"NL2",2017,16
"NL21",2017,16.6
"NL22",2017,15.3
"NL23",2017,17.8
"NL3",2017,18
"NL31",2017,15.8
"NL32",2017,17.1
"NL33",2017,20
"NL34",2017,13
"NL4",2017,14.9
"NL41",2017,14.4
"NL42",2017,16
"NO",2017,16
"NO01",2017,16.3
"NO02",2017,15.9
"NO03",2017,13.4
"NO04",2017,15.1
"NO05",2017,17.4
"NO06",2017,17.2
"NO07",2017,17.7
"PL",2017,19.5
"PL1",2017,15.5
"PL2",2017,19.7
"PL3",2017,25.9
"PL4",2017,19.9
"PL5",2017,16
"PL6",2017,19
"PT",2017,23.3
"RO",2017,35.7
"RO1",2017,26.1
"RO11",2017,26.4
"RO12",2017,25.7
"RO2",2017,43.3
"RO21",2017,43.9
"RO22",2017,42.5
"RO3",2017,34
"RO31",2017,40.9
"RO32",2017,25
"RO4",2017,39.2
"RO41",2017,45.3
"RO42",2017,32.5
"RS",2017,36.7
"SE",2017,17.7
"SE1",2017,15.7
"SE11",2017,14.4
"SE12",2017,17.4
"SE2",2017,19.1
"SE21",2017,14.7
"SE22",2017,22
"SE23",2017,18.7
"SE3",2017,18.7
"SE31",2017,20.9
"SE32",2017,17.9
"SE33",2017,15.6
"SI",2017,17.1
"SI01",2017,19.3
"SI02",2017,14.3
"SK",2017,16.3
"SK01",2017,8.6
"SK02",2017,13.6
"SK03",2017,17.9
"SK04",2017,21
"TR",2017,41.3
"UK",2017,22
"AT",2018,NA
"AT11",2018,NA
"AT12",2018,NA
"AT13",2018,NA
"AT21",2018,NA
"AT22",2018,NA
"AT31",2018,NA
"AT32",2018,NA
"AT33",2018,NA
"AT34",2018,NA
"BE",2018,NA
"BG",2018,NA
"BG3",2018,NA
"BG31",2018,NA
"BG32",2018,NA
"BG33",2018,NA
"BG34",2018,NA
"BG4",2018,NA
"BG41",2018,NA
"BG42",2018,NA
"CH",2018,NA
"CH01",2018,NA
"CH02",2018,NA
"CH03",2018,NA
"CH04",2018,NA
"CH05",2018,NA
"CH06",2018,NA
"CH07",2018,NA
"CY",2018,NA
"CZ",2018,NA
"CZ01",2018,NA
"CZ02",2018,NA
"CZ03",2018,NA
"CZ04",2018,NA
"CZ05",2018,NA
"CZ06",2018,NA
"CZ07",2018,NA
"CZ08",2018,NA
"DE",2018,NA
"DE11",2018,NA
"DE12",2018,NA
"DE13",2018,NA
"DE14",2018,NA
"DE21",2018,NA
"DE22",2018,NA
"DE23",2018,NA
"DE24",2018,NA
"DE25",2018,NA
"DE26",2018,NA
"DE27",2018,NA
"DE30",2018,NA
"DE40",2018,NA
"DE50",2018,NA
"DE60",2018,NA
"DE71",2018,NA
"DE72",2018,NA
"DE73",2018,NA
"DE80",2018,NA
"DE91",2018,NA
"DE92",2018,NA
"DE93",2018,NA
"DE94",2018,NA
"DEA1",2018,NA
"DEA2",2018,NA
"DEA3",2018,NA
"DEA4",2018,NA
"DEA5",2018,NA
"DEB1",2018,NA
"DEB2",2018,NA
"DEB3",2018,NA
"DEC0",2018,NA
"DED2",2018,NA
"DED4",2018,NA
"DED5",2018,NA
"DEE0",2018,NA
"DEF0",2018,NA
"DEG0",2018,NA
"DK",2018,17.6
"DK01",2018,19.9
"DK02",2018,16.3
"DK03",2018,15.7
"DK04",2018,15.8
"DK05",2018,20.7
"EE",2018,NA
"EL",2018,NA
"EL3",2018,NA
"EL4",2018,NA
"EL5",2018,NA
"EL6",2018,NA
"ES",2018,NA
"ES1",2018,NA
"ES11",2018,NA
"ES12",2018,NA
"ES13",2018,NA
"ES2",2018,NA
"ES21",2018,NA
"ES22",2018,NA
"ES23",2018,NA
"ES24",2018,NA
"ES3",2018,NA
"ES30",2018,NA
"ES4",2018,NA
"ES41",2018,NA
"ES42",2018,NA
"ES43",2018,NA
"ES5",2018,NA
"ES51",2018,NA
"ES52",2018,NA
"ES53",2018,NA
"ES6",2018,NA
"ES61",2018,NA
"ES62",2018,NA
"ES63",2018,NA
"ES64",2018,NA
"ES7",2018,NA
"ES70",2018,NA
"FI",2018,16.5
"FI1",2018,16.5
"FI13",2018,NA
"FI18",2018,NA
"FI19_20",2018,19.1
"FI1A",2018,NA
"FI1B",2018,10.6
"FI1C",2018,17.5
"FI1D",2018,20
"FI2",2018,8.5
"FR",2018,NA
"HR",2018,NA
"HR03",2018,NA
"HR04",2018,NA
"HU",2018,19.6
"HU1",2018,13.6
"HU10",2018,NA
"HU11",2018,13.9
"HU12",2018,13.2
"HU2",2018,17.1
"HU21",2018,14
"HU22",2018,12.5
"HU23",2018,25.9
"HU3",2018,26.2
"HU31",2018,32.9
"HU32",2018,24.9
"HU33",2018,21.7
"IE",2018,NA
"IE01",2018,NA
"IE02",2018,NA
"IS",2018,NA
"IT",2018,NA
"ITC",2018,NA
"ITC1",2018,NA
"ITC2",2018,NA
"ITC3",2018,NA
"ITC4",2018,NA
"ITF",2018,NA
"ITF1",2018,NA
"ITF2",2018,NA
"ITF3",2018,NA
"ITF4",2018,NA
"ITF5",2018,NA
"ITF6",2018,NA
"ITG",2018,NA
"ITG1",2018,NA
"ITG2",2018,NA
"ITH",2018,NA
"ITH1",2018,NA
"ITH2",2018,NA
"ITH3",2018,NA
"ITH4",2018,NA
"ITH5",2018,NA
"ITI",2018,NA
"ITI1",2018,NA
"ITI2",2018,NA
"ITI3",2018,NA
"ITI4",2018,NA
"LT",2018,NA
"LU",2018,NA
"LV",2018,28.4
"MK",2018,NA
"MT",2018,NA
"NL",2018,NA
"NL1",2018,NA
"NL11",2018,NA
"NL12",2018,NA
"NL13",2018,NA
"NL2",2018,NA
"NL21",2018,NA
"NL22",2018,NA
"NL23",2018,NA
"NL3",2018,NA
"NL31",2018,NA
"NL32",2018,NA
"NL33",2018,NA
"NL34",2018,NA
"NL4",2018,NA
"NL41",2018,NA
"NL42",2018,NA
"NO",2018,NA
"NO01",2018,NA
"NO02",2018,NA
"NO03",2018,NA
"NO04",2018,NA
"NO05",2018,NA
"NO06",2018,NA
"NO07",2018,NA
"PL",2018,NA
"PL1",2018,NA
"PL2",2018,NA
"PL3",2018,NA
"PL4",2018,NA
"PL5",2018,NA
"PL6",2018,NA
"PT",2018,NA
"RO",2018,NA
"RO1",2018,NA
"RO11",2018,NA
"RO12",2018,NA
"RO2",2018,NA
"RO21",2018,NA
"RO22",2018,NA
"RO3",2018,NA
"RO31",2018,NA
"RO32",2018,NA
"RO4",2018,NA
"RO41",2018,NA
"RO42",2018,NA
"RS",2018,NA
"SE",2018,NA
"SE1",2018,NA
"SE11",2018,NA
"SE12",2018,NA
"SE2",2018,NA
"SE21",2018,NA
"SE22",2018,NA
"SE23",2018,NA
"SE3",2018,NA
"SE31",2018,NA
"SE32",2018,NA
"SE33",2018,NA
"SI",2018,NA
"SI01",2018,NA
"SI02",2018,NA
"SK",2018,NA
"SK01",2018,NA
"SK02",2018,NA
"SK03",2018,NA
"SK04",2018,NA
"TR",2018,NA
"UK",2018,NA
