"SCHLUESSEL","PLANNAME","EW2016","STATUS1","STATUS2","STATUS3","STATUS4","DYNAMO1","DYNAMO2","DYNAMO3","DYNAMO4"
"01011101","Stülerstraße","3114",4.98,1.52,8.16,20.51,-0.19,0.14,-0.42,-0.75
"01011102","Großer Tiergarten","192",NA,NA,NA,NA,NA,NA,NA,NA
"01011103","Lützowstraße","5518",6.83,2.08,17.74,34.33,-0.5,-0.03,-0.8,-7.74
"01011104","Körnerstraße","4704",6.27,1.49,20.66,45.91,-1.33,-0.76,-1.66,-3.77
"01011105","Nördlicher Landwehrkanal","1135",2.06,0,1.5,3.55,-0.77,-0.74,-0.42,-0.71
"01011201","Wilhelmstraße","2190",3.64,0.89,8.45,27.31,-1.23,-0.59,0.13,0.17
"01011202","Unter den Linden Nord","608",1.97,0,1.81,6.67,-0.13,0,0.2,0.54
"01011203","Unter den Linden Süd","1004",3.98,1.46,3.59,10.34,0.85,0.27,0.26,0.77
"01011204","Leipziger Straße","7463",3.91,1.61,7.2,21.34,-1.13,0.27,0.21,-4.57
"01011301","Charitéviertel","6431",2.57,0.39,3.23,5.06,-0.56,-0.33,-0.05,0.3
"01011302","Oranienburger Straße","12535",3.99,0.91,6.11,11.24,-0.61,-0.14,-0.47,-1.01
"01011303","Alexanderplatzviertel","9536",5.18,1.41,8.62,20.49,-0.85,-0.33,-0.76,-1.91
"01011304","Karl-Marx-Allee","8607",6.4,1.74,13.56,42.32,-0.52,-0.83,0.23,2.17
"01011305","Heine-Viertel West","7617",4.54,1.01,7.19,20.3,-0.25,-0.26,-0.41,-4.7
"01011306","Heine-Viertel Ost","9530",5.04,1.26,8.21,21.77,-1.33,-0.35,-0.68,-5.6
"01011401","Invalidenstraße","16331",3.45,0.73,4.75,7.27,-0.7,-0.18,-0.53,-1.13
"01011402","Arkonaplatz","13341",3.57,0.7,3.33,3.96,-0.63,-0.11,-0.82,-1.24
"01022101","Huttenkiez","3522",12.8,3.29,27.29,68.17,2.03,-0.68,3.83,3.87
"01022102","Beusselkiez","6374",10.85,3.84,24.65,57.12,-0.74,0.14,-0.28,-3.1
"01022103","Westhafen","258",NA,NA,NA,NA,NA,NA,NA,NA
"01022104","Emdener Straße","18377",7.79,2.6,18.49,43.62,-1.82,-0.64,-0.83,-5.41
"01022105","Zwinglistraße","5299",8.87,2.23,23.87,58.13,-0.65,-0.53,-1.4,-7.59
"01022106","Elberfelder Straße","11799",4.87,1.3,9.56,16.25,-2.01,-0.38,-1.25,-4.02
"01022201","Stephankiez","11292",6.41,1.67,17.32,36.44,-1.55,-0.54,-0.82,-5.85
"01022202","Heidestraße","1488",10.32,3.34,28.9,51.56,-2.32,0.04,0.24,0.62
"01022203","Lübecker Straße","6969",9.28,2.62,26.2,54.53,-0.99,-0.39,0.3,-1.15
"01022204","Thomasiusstraße","5824",5.56,1.34,11.23,20.84,-1.1,-0.43,-0.15,-0.51
"01022205","Zillesiedlung","3311",9.43,2.68,25.04,37.46,0.36,0.27,-0.38,-8.44
"01022206","Lüneburger Straße","3027",5.2,1.09,11.03,18.54,-1.24,-0.36,-2.17,-7.1
"01022207","Hansaviertel","5630",3.48,0.97,8.45,17.6,-1.93,-0.56,-1.24,-7.74
"01033101","Soldiner Straße","26841",10.65,3.16,32.68,68.8,-1.99,-1.03,0.28,-0.43
"01033102","Gesundbrunnen","11837",9.14,2.47,29.18,64.27,-1.49,-0.44,0.33,-0.02
"01033201","Brunnenstraße","13361",9.83,2.82,31.67,58.6,-1.3,-0.78,-1.76,-4.64
"01033202","Humboldthain Süd","9726",8.84,2.45,23.97,50.97,-1.26,-0.51,-0.14,-4.02
"01033203","Humboldthain Nordwest","14478",10.56,3.33,31.9,68.81,-1.87,-0.27,-0.12,-1.02
"01044101","Rehberge","20722",8.68,2.93,21.07,52.69,-1.69,-0.69,-0.11,-1.44
"01044102","Schillerpark","16238",8.06,2.41,18.99,51.49,-1.52,-0.72,0.09,-0.97
"01044103","Westliche Müllerstraße","8589",8.85,2.76,20.51,51.43,-1.05,-0.4,1.16,-1.74
"01044201","Reinickendorfer Straße","23424",10.8,3.11,32.44,70.31,-1.99,-0.83,-0.6,-2.29
"01044202","Sparrplatz","16703",8.79,3.02,21.34,56.02,-1.06,-0.35,0.36,-2.48
"01044203","Leopoldplatz","16462",10.28,3.03,28.85,64.73,-1.41,-0.56,0.43,-1.89
"02010101","Askanischer Platz","6481",9.27,2.81,24.76,44.43,-2.22,-1.24,-2.27,-14.45
"02010102","Mehringplatz","13278",11.78,3.99,32.47,61.58,-1.74,-1.33,-1.16,-2.55
"02010103","Moritzplatz","15593",13.04,4.69,35.03,66.17,-2.64,-1.44,-2.12,-5.99
"02010104","Wassertorplatz","5044",11.77,3.93,34.75,67.48,-1.44,-0.79,-0.74,-3.04
"02020201","Gleisdreieck/Entwicklungsgebiet","911",2.81,0.56,3.62,7.28,-4.49,-2.18,-4.12,-3.58
"02020202","Rathaus Yorckstraße","5990",6.44,1.7,13.49,24.5,-0.72,-0.93,-0.27,0.35
"02020203","Viktoriapark","10886",5.42,1.63,10.96,20.84,-1.18,-0.22,-0.74,-3.25
"02020204","Urbanstraße","12326",5.61,1.51,12.32,21.72,-0.99,-0.58,-0.47,-3.97
"02020205","Chamissokiez","14892",5.63,1.53,11.52,20.89,-1.3,-0.53,-0.85,-3.05
"02020206","Graefekiez","19052",7.16,2.27,16.64,30.37,-0.86,-0.35,-0.71,-6.04
"02030301","Oranienplatz","9092",10.57,3.49,27.87,53.69,-1.25,-0.68,-1.24,-4.25
"02030302","Lausitzer Platz","13166",8.93,2.78,21.87,40.74,-1.58,-0.75,-1.71,-5.57
"02030401","Reichenberger Straße","15156",7.31,2.2,17.9,34.73,-1.46,-0.62,-0.74,-5.29
"02030402","Wrangelkiez","11083",7.47,2.17,17.37,30.93,-0.91,-0.72,-0.55,-7.33
"02040501","Barnimkiez","5381",7.66,2.95,13.03,35.02,-1.43,-0.19,-0.78,-8.66
"02040502","Friedenstraße","7181",5.92,1.66,9.72,26.22,-1.16,-0.47,-0.87,-4.7
"02040503","Richard-Sorge-Viertel","10976",4.87,1.29,7.76,16.21,-0.5,-0.18,0.37,0.88
"02040701","Andreasviertel","12331",5.9,1.69,13.86,40.5,-0.91,-0.39,0.02,-4.08
"02040702","Weberwiese","10714",5.22,1.48,6.48,10.63,-0.74,-0.02,-1.29,-3.78
"02040703","Wriezener Bahnhof/Entwicklungsgebiet","1145",7.24,0.76,23.41,66.67,-0.81,-1.88,0.83,9.52
"02050601","Hausburgviertel","8900",6.38,1.76,10.02,18.71,-1.03,-0.34,-0.25,-3.83
"02050602","Samariterviertel","21064",5.55,1.51,9.36,14.72,-1.65,-0.43,-0.68,-2.71
"02050801","Traveplatz","19093",6.27,1.74,12.04,23.65,-1.01,-0.3,0.06,-3.59
"02050802","Boxhagener Platz","20431",5,1.26,7.32,11.17,-0.97,-0.3,-0.6,-3.09
"02050803","Stralauer Kiez","6986",6.29,1.82,9.63,20.97,-0.77,-0.24,-1.57,-8.32
"02050804","Stralauer Halbinsel","4171",2.85,0.54,3.07,2.51,0.03,-0.16,-0.27,-1.63
"03010101","Bucher Forst","3928",5.64,2.17,9.11,16.05,-2.13,-0.36,-0.08,-0.29
"03010102","Buch","11685",7.92,3.1,16.49,41.03,-1.98,-0.84,0.06,-2.86
"03010104","Lietzengraben","227",NA,NA,NA,NA,NA,NA,NA,NA
"03020203","Blankenfelde","2116",4.77,1.54,3.83,7.51,-0.83,-1.07,0.4,-0.65
"03020209","Niederschönhausen","14726",3.39,1.02,4.8,6.69,-0.75,-0.39,-0.67,-1.74
"03020210","Herthaplatz","11132",3.85,1.45,6.28,11.01,-1.07,-0.33,0.44,1.54
"03020307","Buchholz","17930",3.25,1.14,5.84,10.69,-1.24,-0.43,-0.68,-2.07
"03030405","Karow Nord","10986",3.92,1.32,9.17,18.35,-1.08,-0.36,-0.32,-1.12
"03030406","Alt-Karow","8245",2.56,0.88,2.21,3.71,-0.48,-0.12,-0.12,-0.78
"03030711","Blankenburg","6810",2.34,0.78,2.13,3.27,-0.71,-0.35,-0.55,-0.99
"03030715","Heinersdorf","7388",4.35,1.2,5.54,9.58,0.39,-0.42,1.24,0.82
"03030716","Märchenland","1138",4.2,1.2,2.64,9.32,0.48,0.31,0.42,3.38
"03040508","Rosenthal","4530",2.43,0.94,4.75,9.7,-1.01,-0.33,-1.14,-2.31
"03040512","Wilhelmsruh","9783",3.31,0.99,4.95,8.94,-1.41,-0.79,-0.23,-0.68
"03040513","Schönholz","3412",3.03,1.26,3.55,3.28,-0.85,-0.23,0.63,0.84
"03040614","Pankow Zentrum","35308",4.68,1.59,7.07,11.23,-1.33,-0.48,-0.93,-2.89
"03040818","Pankow Süd","34314",5.13,1.83,8.22,15.21,-1.34,-0.29,-0.61,-3.17
"03050919","Gustav-Adolf-Straße","5564",6.65,1.86,10.23,21.25,0.43,-0.11,1.3,2.52
"03050920","Weißer See","7397",4.83,1.53,7.12,13.81,-1.13,-0.73,-1.13,-1.34
"03050923","Weißenseer Spitze","9098",5.93,2.16,9.23,14.39,-2.28,-1.27,-0.97,-3.03
"03050924","Behaimstraße","5883",7.69,2.59,12.29,20.47,-2.14,-0.93,0.94,0.1
"03050925","Komponistenviertel Weißensee","9468",5.24,1.65,8.87,13.69,-1.38,-0.74,-1.01,-2.67
"03051017","Rennbahnstraße","4247",5.89,1.63,9.8,19.38,-0.64,-0.54,-0.2,-2.06
"03051021","Buschallee","6503",7.53,2.75,10.98,31.12,-1.34,-0.64,0.14,1.17
"03051022","Hansastraße","4527",5.14,2.13,10.18,30.1,-1.18,-0.65,-0.93,-5.59
"03061126","Arnimplatz","15187",5.15,1.63,7.05,9.63,-1.04,-0.26,-0.44,-1.2
"03061131","Falkplatz","10521",4.87,1.39,5.15,5.81,-0.97,-0.29,-0.62,-1
"03061227","Humannplatz","14520",4.58,1.1,5.92,8.34,-1.48,-0.64,-0.99,-4.47
"03061228","Erich-Weinert-Straße","12619",6.04,2.22,9.23,19.88,-1.4,-0.25,-0.56,-4.02
"03061332","Helmholtzplatz","22519",5.14,1.44,6.47,8.07,-0.9,-0.45,-0.65,-1.88
"03061429","Greifswalder Straße","10082",8.25,3.19,11.47,39.22,-0.82,-0.63,0.34,0.74
"03061430","Volkspark Prenzlauer Berg","3921",7.99,4.24,10.74,17.11,-5.1,-0.48,-2.09,-13.03
"03061434","Anton-Saefkow-Park","6238",5.95,1.91,7.69,10.13,-1.08,-0.48,-1.4,-5.07
"03061435","Conrad-Blenkle-Straße","3875",6.52,2.23,11.87,29.42,-2.93,-1.29,-1.5,-4.45
"03061441","Eldenaer Straße","2560",2.32,0.31,1.09,0.69,0.21,-0.1,0.24,-0.05
"03071536","Teutoburger Platz","10747",4.04,1.29,4.83,7.46,-0.84,-0.14,-0.96,-2.25
"03071537","Kollwitzplatz","15635",4.25,1.24,4.74,6.05,-0.64,-0.24,-0.9,-1.74
"03071633","Thälmannpark","3010",7.55,2.84,13.39,21.98,-2.49,-0.58,-0.65,-2.14
"03071638","Winsstraße","17260",4.44,1.12,5.63,8.42,-0.9,-0.56,-0.52,-1.61
"03071639","Bötzowstraße","12367",4.25,1.21,5.34,6.43,-1.02,-0.35,-0.98,-1.29
"04010101","Jungfernheide","11043",9.84,3.88,19.81,45.55,-2.02,-1.08,-0.26,-10.88
"04010102","Plötzensee","895",5.76,1.97,12.29,45.83,-1.61,-0.74,4.13,4.92
"04010103","Paul-Hertz-Siedlung","7771",11.58,4.13,25.84,56.75,-0.06,-0.67,0.4,0.52
"04020204","Olympiagelände","199",NA,NA,NA,NA,NA,NA,NA,NA
"04020205","Siedlung Ruhleben","1329",2.53,0.48,2.41,5.42,-0.37,0.09,0.35,0.51
"04020206","Angerburger Allee","2754",3.73,1.16,5.27,17.56,-1.39,-0.72,-0.07,-1.9
"04020207","Flatowallee","2532",2.34,0.51,3.08,7.58,-0.83,-0.35,0.18,1.97
"04020208","Kranzallee","2878",2.18,0.81,3.37,3.54,-1.06,-0.35,-0.21,-1.28
"04020209","Eichkamp","3189",1.01,0.14,1.44,3.26,0.11,0.14,0.58,1.43
"04020310","Park Ruhwald","602",1.53,0.87,4.98,11.43,-0.63,-0.42,1.65,11.43
"04020311","Reichsstraße","14756",4.02,1.4,5.37,10.57,-0.55,-0.48,-0.19,-1.51
"04020312","Branitzer Platz","5467",3.48,1.06,6.13,9.64,-1.08,-0.41,1.24,2.04
"04020313","Königin-Elisabeth-Straße","7530",5.9,1.81,8.99,24.15,0.6,0.04,0.06,1.86
"04020314","Messegelände","436",NA,NA,NA,NA,NA,NA,NA,NA
"04030415","Schloßgarten","2837",9.17,4.08,19.03,43.35,-1.59,-0.39,-0.24,-5.9
"04030416","Klausenerplatz","10655",7.22,2.85,15.44,28.61,-0.68,-0.16,-1.08,-0.41
"04030417","Schloßstraße","10927",5.44,1.85,10.05,20.03,-0.26,-0.19,0.32,2.06
"04030518","Tegeler Weg","9417",7.49,2.62,13.57,34.54,-0.6,-0.44,-0.19,1.83
"04030519","Kaiserin-Augusta-Allee","5734",6.4,3.19,14.48,37.41,-1.8,0.01,-0.26,-6.56
"04030620","Alt-Lietzow","8597",5.69,2.2,11.67,26.67,-1.05,-0.45,-1,-2.77
"04030621","Spreestadt","3021",7.88,2.81,14.1,35.91,0.26,-0.53,-0.68,-0.55
"04030622","Richard-Wagner-Straße","10459",6.76,2.48,13.08,26.83,-1.25,-0.3,-0.95,-5.34
"04030623","Ernst-Reuter-Platz","4788",7.14,2.59,14.77,31.6,-0.73,-0.64,-0.33,-3.12
"04030724","Lietzensee","6416",5.13,2.1,8.39,14.54,-1.06,-0.32,-0.46,-4.15
"04030725","Amtsgerichtsplatz","12128",4.82,1.68,7.78,16.43,-1,-0.49,0.58,2.6
"04030726","Droysenstraße","5426",5.21,1.79,8.07,16.93,-0.79,-0.42,-0.05,-0.28
"04030827","Karl-August-Platz","12238",5.77,2.42,11.68,25.15,-1.23,-0.53,-0.38,-3.19
"04030828","Savignyplatz","9491",4.69,1.48,7.22,17.48,-0.6,-0.27,-0.82,-0.22
"04030929","Hindemithplatz","5981",4.33,1.5,6.42,8.28,-0.16,-0.28,-0.43,-2.37
"04030930","George-Grosz-Platz","5600",4.21,1.21,5.95,8.55,0.35,-0.51,0.14,-2.3
"04030931","Breitscheidplatz","3915",4.73,1.28,8.58,16.86,-0.55,-0.61,0.42,1.43
"04031032","Halensee","14931",4.88,1.82,7.79,16.18,-1,-0.57,-0.41,0.23
"04041133","Güterbahnhof Grunewald","43",NA,NA,NA,NA,NA,NA,NA,NA
"04041134","Bismarckallee","5156",3.47,1.05,6.26,10,-0.66,-0.53,0.26,1.01
"04041135","Hundekehle","2739",1.77,0.34,2.81,2.55,-0.71,-0.46,0.57,-0.27
"04041136","Hagenplatz","3033",3.15,1.01,3.49,6,1.06,0.39,0.82,2.32
"04041137","Flinsberger Platz","7976",4.95,1.98,7.9,18.37,-0.58,-0.27,-0.49,-0.98
"04041238","Kissinger Straße","5907",4.52,1.61,6.33,13.25,-0.07,-0.39,-0.3,-0.65
"04041239","Stadion Wilmersdorf","213",NA,NA,NA,NA,NA,NA,NA,NA
"04041240","Messelpark","1533",2.06,0.48,1.5,2.26,-0.26,0.12,0.66,0.71
"04041241","Breite Straße","6904",3.04,1.01,4.4,5.5,-0.31,-0.5,0.25,1.17
"04041342","Schlangenbader Straße","4115",6.33,3.01,10.43,17.51,0.64,0.49,1.09,-3.82
"04041343","Binger Straße","3547",4.4,1.55,6.48,10.96,-0.53,-0.32,-0.13,-0.24
"04041344","Rüdesheimer Platz","10642",3.89,1.31,5.92,9.52,-0.59,-0.36,-0.26,-2.78
"04051445","Eisenzahnstraße","6220",6.23,2.17,10.87,26.97,-1.09,-0.59,0.34,0.74
"04051446","Preußenpark","10591",4.52,1.69,7.07,12.75,-0.45,-0.35,-0.44,-2.67
"04051447","Ludwigkirchplatz","5228",5.7,1.94,7.82,15.26,-0.91,-0.46,-0.93,-3.83
"04051448","Schaperstraße","9067",5.47,2.34,8.43,20.42,-0.68,-0.31,0.61,1.99
"04051549","Rathaus Wilmersdorf","5348",5.1,2.13,8.92,14.42,-1.74,-0.81,-0.92,-6.39
"04051550","Leon-Jessel-Platz","5512",5.05,1.85,8.65,18.47,-0.98,-0.5,-1.08,-3.79
"04051551","Brabanter Platz","4397",5.35,1.96,9.76,22.53,-0.57,-0.38,-1.16,-0.87
"04051652","Nikolsburger Platz","9700",4.43,1.5,7.43,12.49,-0.68,-0.51,0.33,0.5
"04051653","Prager Platz","6684",5.39,1.86,7.12,12.19,-1,-0.41,-0.78,-1.68
"04051654","Wilhelmsaue","3038",5.95,1.69,6.02,7.56,0.2,-0.7,-0.98,-1.98
"04051655","Babelsberger Straße","7063",5.8,2.52,10.56,19.76,-0.64,0.31,0.25,0.72
"04051656","Hildegardstraße","7568",4.31,1.38,6.55,12.18,-0.8,-0.43,-0.5,-1.6
"04061757","Forst Grunewald","83",NA,NA,NA,NA,NA,NA,NA,NA
"05010101","Hakenfelde Nord","10883",5.48,1.8,10.44,26,-0.64,-0.13,-1.21,-2.91
"05010102","Goltzstraße","5885",8.59,3.07,14.07,41.1,0.36,0.39,0.3,-0.37
"05010103","Amorbacher Weg","7623",5.84,2.18,8.58,19.26,-0.11,-0.08,0.08,-1.26
"05010204","Griesingerstraße","3297",11.9,3.53,24.75,57.53,-0.46,-0.32,-0.43,-3.31
"05010205","An der Tränke","1910",3.18,1.38,3.46,8.5,0.2,0.26,-0.06,-2.99
"05010206","Gütersloher Weg","10246",10.63,4.09,19.9,46.92,-0.66,0.06,0.4,-0.9
"05010207","Darbystraße","11492",11.54,4.2,27.53,56.08,-1.22,-0.15,-0.87,-2.37
"05010208","Germersheimer Platz","7627",12.11,4.54,23.53,57.87,-0.08,0.31,0.2,-0.84
"05010209","An der Kappe","6098",5.49,1.46,9.38,25.7,-0.2,-0.37,0.27,1.92
"05010310","Eckschanze","3880",10.88,3.6,20.21,44.71,-0.04,0.09,-0.8,-6.82
"05010311","Eiswerder","5670",11.24,4.43,24.13,53.53,0.53,0.21,-0.09,-4.15
"05010312","Kurstraße","7117",12.2,4.5,28.03,60.86,-0.63,0.08,-1.23,-1.84
"05010313","Ackerstraße","6704",10.09,3.74,20.66,47.24,-1.06,-0.73,-0.15,-3.61
"05010314","Carl-Schurz-Straße","11968",9.07,3.18,18.37,41.87,-1.23,-0.47,-1.43,-6.2
"05010339","Freiheit","974",9.35,2.42,16.74,29.26,-2.54,-3.07,8.7,4.26
"05020415","Isenburger Weg","3885",2.31,0.74,2.21,5.11,0.09,0.22,0.32,1.07
"05020416","Am Heideberg","1709",4.89,1.63,6.44,18.18,-0.64,0.32,-1.17,-2.23
"05020417","Staakener Straße","5847",4.11,1.34,6.69,15.7,-0.68,-0.32,0.94,1.92
"05020418","Spandauer Straße","4010",6.55,2.26,9.2,17.69,-0.28,0.09,0.87,3.69
"05020419","Magistratsweg","7032",11.45,3.68,20.78,57.13,-0.84,-0.51,1.39,2.52
"05020420","Werkstraße","929",4.17,1.49,5.27,6.29,0.24,0.62,-0.32,-5.07
"05020521","Döberitzer Weg","3095",2.92,0.38,4.33,7.63,-0.5,-0.51,-0.57,-1.72
"05020522","Pillnitzer Weg","7364",13.26,4.51,31.14,64.58,0.2,-0.09,0.68,-0.31
"05020523","Maulbeerallee","12413",16.04,5.99,38.51,72.47,0.32,0.16,-0.65,-2.05
"05020524","Weinmeisterhornweg","6134",4.71,1.86,6.44,17.99,-0.13,-0.05,0.59,3.27
"05020625","Borkumer Straße","7482",8.28,2.96,15.46,45.63,-0.68,0.4,0,1.41
"05020626","Adamstraße","19359",8.36,3.2,16.2,37.58,-1.67,-0.31,-1.32,-5.88
"05020627","Tiefwerder","4059",10.08,3.68,23.21,56.34,0.09,0.08,0.48,2.02
"05020628","Graetschelsteig","1984",7.42,2.19,11.84,33.51,-1.06,-1.52,-0.75,-7.93
"05020629","Börnicker Straße","4413",3.6,0.88,3.38,7.84,-0.37,-0.24,0.42,4.39
"05030730","Zitadellenweg","3938",4.78,1.66,11.3,21.09,-0.58,-0.01,-0.96,-1.23
"05030731","Gartenfelder Straße","11622",10.15,3.5,21.31,52.44,-0.65,-0.33,0.25,-1.08
"05030832","Rohrdamm","11692",8.37,2.78,17.58,43.17,-0.31,-0.1,-0.29,-0.44
"05030833","Motardstraße","1545",4.81,0.45,10.55,16.61,3.05,-0.04,7,11.45
"05040934","Alt-Gatow","3965",2.76,0.43,4.82,11.93,0.85,-0.2,2.58,8.27
"05040935","Groß-Glienicker Weg","415",8.54,3.56,5.78,10.2,-0.78,1.05,-0.92,1.87
"05040936","Jägerallee","9855",2.33,0.57,2.09,3.68,-0.08,-0.09,0.41,0.91
"05040937","Kladower Damm","2151",1.75,0.61,1.81,2.89,-0.18,-0.09,0.7,0.85
"05040938","Kafkastraße","3670",2.32,0.77,2.43,5.7,-0.5,0.04,-0.38,-3.87
"06010101","Fichtenberg","6829",2.83,0.82,3.12,5.41,-0.22,-0.33,-0.36,-1.11
"06010102","Schloßstraße","8788",4.68,1.68,7.58,16.84,-0.99,-0.48,-0.43,-1.73
"06010103","Markelstraße","6300",3.97,1.08,6.43,11.62,-1.76,-0.95,-0.19,-3.65
"06010204","Munsterdamm","6914",5.64,1.76,9.86,20.58,-1.53,-1.07,-0.41,-4.6
"06010205","Südende","9560",5.28,2.04,8.88,19.88,-1.21,-0.23,-0.41,-1.08
"06010206","Stadtpark","7685",5.71,1.66,8.93,19.37,-0.46,-0.8,0.57,-1.4
"06010207","Mittelstraße","7771",5.38,2.21,8.81,20.27,-0.9,-0.01,0.15,-1.6
"06010208","Bergstraße","6798",5.5,1.9,8.27,16.62,-0.59,-0.1,-0.64,-0.83
"06010209","Feuerbachstraße","9026",4.95,1.68,8.5,16.82,-1.12,-0.54,-0.46,-4.36
"06010210","Bismarckstraße","4874",5.59,2.43,9.58,18.61,-1.1,-0.11,-0.16,-3.42
"06020301","Alt-Lankwitz","4994",4.37,1.89,8.33,16.81,-2.09,-0.74,-1.32,-1.81
"06020302","Komponistenviertel Lankwitz","5542",4.14,1.4,5.07,11.36,-1.06,-0.43,-0.35,-3.45
"06020303","Lankwitz Kirche","7395",7.26,2.82,11.7,27.99,-1.12,-0.56,-0.25,-2.86
"06020304","Kaiser-Wilhelm-Straße","6744",6.42,2.67,10.65,24.3,-0.93,-0.21,-0.19,-2.69
"06020305","Gemeindepark Lankwitz","11433",6.52,2.53,12.69,28.82,-1.09,-0.37,-0.33,-4.18
"06020306","Lankwitz Süd","6450",3.68,1.12,5.95,15.83,-0.61,-0.51,0.44,1.29
"06020407","Thermometersiedlung","4593",10.52,4.58,22.38,58,-0.12,0.3,1.55,-2.73
"06020408","Lichterfelde Süd","6827",6.22,2.26,10.39,25,-0.6,-0.33,0.55,-2.13
"06020409","Königsberger Straße","8200",4.94,1.53,7.09,16.19,-0.55,-0.55,1.22,2.03
"06020410","Oberhofer Platz","7119",3.58,1.17,4.47,10.15,-0.27,-0.27,0.44,3.29
"06020411","Schütte-Lanz-Straße","8494",4.02,1.57,6.58,16.26,-0.18,-0.52,0.87,3.68
"06030501","Berlepschstraße","5898",3.5,0.86,4.27,9.69,0.02,-0.18,0.28,-0.37
"06030502","Zehlendorf Süd","5555",4.7,1.65,9.38,20.87,-1.62,-0.63,0.81,-2.8
"06030503","Zehlendorf Mitte","11600",3.52,1.01,5.29,9.67,-1.04,-0.63,-1.03,-4.49
"06030504","Teltower Damm","11122",2.46,0.69,2.78,5.27,-0.53,-0.04,-0.24,-1
"06030605","Botanischer Garten","6935",4.05,1.56,5.22,9.88,-1.27,-0.66,-0.52,-4.5
"06030606","Hindenburgdamm","5223",5.46,2.32,8.46,17.24,-1.16,-0.42,0.27,-0.8
"06030607","Goerzwerke","3020",2.53,0.84,4.01,8.76,-0.62,-0.18,0.37,-2.39
"06030608","Schweizer Viertel","13113",2.78,0.72,2.71,3.03,-0.37,-0.39,0.61,0.69
"06030609","Augustaplatz","12047",4.44,1.63,5.86,12.65,-0.74,-0.23,0.46,-0.51
"06030610","Lichterfelde West","8103",2.96,1.02,3.13,5.46,-0.1,-0.16,-0.09,0.42
"06040701","Wannsee","10113",2.41,0.76,2.18,2.63,-0.53,-0.05,-0.08,-1.06
"06040702","Düppel","5292",2.45,0.63,3.27,3.32,-0.13,-0.15,-0.03,-0.09
"06040703","Nikolassee","10851",2.48,0.63,2.7,4.09,-0.34,-0.25,0.18,0.23
"06040804","Krumme Lanke","7585",2.15,0.57,1.65,1.73,-0.41,-0.3,0.12,-0.52
"06040805","Fischerhüttenstraße","5405",2.52,0.9,3.46,5.22,-0.51,-0.06,0.43,0.12
"06040806","Fischtal","7299",2.94,0.62,2.69,4.47,-0.18,-0.5,0.06,0.88
"06040807","Zehlendorf Eiche","5770",3.34,1.17,4.59,7.74,-0.62,-0.09,0.26,1.6
"06040808","Hüttenweg","4592",2.57,0.43,2.57,4.23,0.26,-0.07,0.55,1.2
"06040809","Thielallee","5136",1.91,0.48,1.4,1.46,0.49,0.28,-0.19,-0.38
"06040810","Dahlem","7091",2.1,0.37,1.65,2.19,0.42,-0.17,0.75,1.14
"07010101","Wittenbergplatz/Viktoria-Luise-Platz","10130",5.78,2,10.56,14.91,-0.81,-0.4,-0.44,-4.46
"07010102","Nollendorfplatz","15907",7.78,2.64,20.24,44,-0.98,-0.63,0.47,0.78
"07010103","Barbarossaplatz","10257",5.76,1.98,9.38,18.33,0.1,0.13,-0.67,-0.38
"07010104","Dennewitzplatz","13701",8.47,3.09,22.53,43.32,-1.48,-0.81,-0.81,-4.63
"07020201","Bayerischer Platz","10496",5.17,1.65,8.66,16.71,-1.22,-0.39,0.07,-1.55
"07020202","Volkspark (Rudolf-Wilde-Park)","10237",6.97,2.34,13.12,29.45,-0.39,0.03,1.22,1.92
"07020203","Kaiser-Wilhelm-Platz","17768",6.43,2.2,14.28,27.29,-1.35,-0.64,-0.46,-2.17
"07020204","Schöneberger Insel","11779",5.83,2.01,10.76,19.92,-1.76,-0.34,-1.2,-6.75
"07030301","Friedenau","24695",3.5,1.05,5.19,8.16,-0.62,-0.2,-0.25,-1.15
"07030302","Ceciliengärten","9351",4.13,1.15,6.3,10.92,-0.75,-0.52,-0.67,-0.88
"07030303","Grazer Platz","12334",7.2,2.68,14.05,30.13,-0.61,-0.34,-1.27,-3.1
"07040401","Neu-Tempelhof","18419",6.22,2.04,11.54,21.96,-0.98,-0.39,-0.67,-2.26
"07040402","Lindenhofsiedlung","2293",6.94,2.39,14.17,30.47,-2.24,-1.27,-0.72,-10.06
"07040403","Manteuffelstraße","23743",6.96,2.79,14.06,34.74,-1.24,-0.11,-0.63,-3.49
"07040404","Marienhöhe","5102",7.43,2.07,13.47,34.46,-0.78,-0.71,0.08,1.38
"07040405","Rathaus Tempelhof","11155",7.96,2.42,15.96,39.11,-1.24,-0.78,-0.24,-3.9
"07040406","Germaniagarten","3911",12,4.1,29,71.02,-2.21,-0.95,2.67,5.78
"07050501","Rathausstraße","16062",7.44,2.9,15.6,37.28,-1.19,-0.24,0.62,-2.33
"07050502","Fritz-Werner-Straße","8120",8.04,2.76,13.55,32.37,-1.63,-0.47,-0.18,-3.43
"07050503","Eisenacher Straße","9145",7.2,2.97,11.95,30.95,-1.41,0.13,0.1,-2
"07050504","Imbrosweg","5588",7.49,2.53,13.44,27.74,-1.15,-0.67,0.28,-1.49
"07050505","Hundsteinweg","10586",5.03,1.93,9.39,27.38,-0.86,-0.16,1.34,4.42
"07050506","Birnhornweg","2305",3.71,0.5,4.12,12.11,-0.22,-1.16,1.31,2.95
"07060601","Marienfelder Allee Nordwest","10109",8.81,2.27,20.17,47.03,-0.82,-0.89,2.12,5.69
"07060602","Kirchstraße","4638",3.47,1.12,5.3,12.44,-0.84,-0.31,0.51,2.15
"07060603","Marienfelde Nordost","3176",6.9,2.09,14.04,37.52,-1.66,-0.38,0.72,-12.06
"07060604","Marienfelde Süd","14304",8.45,3.29,17.21,42.19,-0.85,-0.09,0.29,-1.69
"07070701","Kettinger Straße/Schillerstraße","10474",4.22,1.38,6.75,17.82,-0.53,-0.32,0.64,0.1
"07070702","Alt-Lichtenrade/Töpchiner Weg","10801",4.12,1.66,7.76,17.2,-0.97,-0.41,0.2,0.06
"07070703","John-Locke-Straße","7304",8.67,3.26,14.84,36.9,-1.34,-0.62,-0.36,-5.66
"07070704","Nahariyastraße","8390",10.77,4.06,26.02,58.51,-1.76,-0.34,2.31,-1.45
"07070705","Franziusweg/Rohrbachstraße","6973",3.26,0.69,4.22,8.78,-0.4,-0.78,0.05,-1.54
"07070706","Horstwalder Straße/Paplitzer Straße","3919",3.92,0.92,7.66,17.8,-1.2,-0.56,2.52,4.55
"07070707","Wittelsbacherstraße","2936",2.73,0.83,3.75,11.75,-0.28,-0.4,0.88,2.21
"08010115","Hasenheide","874",5.41,1.5,10.64,26.36,-2.92,-0.43,0.72,3.29
"08010116","Wissmannstraße","3576",10.56,3.64,25.14,49.26,-1.83,-0.24,-2.33,-3.52
"08010117","Schillerpromenade","15949",9.26,2.84,21.12,47.51,-1.36,-0.35,-1.57,-7.39
"08010118","Silbersteinstraße","11755",11.67,3.49,29.6,68.23,0.24,-0.38,-1.28,-1.88
"08010211","Flughafenstraße","9929",8.96,2.76,23.27,58.16,-1.17,-0.42,-0.91,-3.45
"08010212","Rollberg","7432",11.21,3.58,34.23,65.54,-0.9,-0.38,-1.67,-2.45
"08010213","Körnerpark","12649",9.29,2.89,24.87,59.85,-1.35,-0.44,-1.34,-6.25
"08010214","Glasower Straße","8063",11.55,3.78,28.39,60.99,-0.91,-0.63,-1.71,-5.97
"08010301","Reuterkiez","27792",7.63,2.25,17.24,37.88,-0.69,-0.27,-1.82,-6.96
"08010302","Bouchéstraße","3670",9.59,3.34,21.14,51.48,-1.33,-0.78,-2.16,-3.36
"08010303","Donaustraße","8512",9.54,3,25.67,60.91,-0.65,0.21,-0.09,-2.75
"08010404","Rixdorf","23647",9.41,3.02,22.58,50.35,-1.03,-0.07,-1.77,-7.55
"08010405","Hertzbergplatz","9145",8.98,2.5,19.81,46.71,-0.29,-0.15,-1.9,-6.47
"08010406","Treptower Straße Nord","7071",12.68,3.69,32.56,69.81,-0.86,-0.51,-0.43,-3.84
"08010407","Gewerbegebiet Ederstraße","835",9.8,2.52,13.89,43.06,-0.78,-0.42,-4.34,-9.8
"08010508","Weiße Siedlung","5614",13.88,5.29,42,73.2,-1.52,0.22,0.09,0.86
"08010509","Schulenburgpark","9489",15.9,5.88,43.85,77.08,-0.12,0.2,-1.61,-0.69
"08010510","Gewerbegebiet Köllnische Heide","502",8.7,3.07,23.51,52.05,-2.34,0.47,7.06,22.43
"08020619","Buschkrugallee Nord","10947",11.37,3.41,25.84,52.95,2.03,0.31,0.31,1.5
"08020620","Tempelhofer Weg","9286",9.52,3.16,22.55,56.45,-0.29,-0.27,-0.44,-3.3
"08020621","Mohriner Allee Nord","2322",1.8,0,2.24,6.02,-0.46,-0.58,0.08,-0.1
"08020622","Parchimer Allee","14255",6.83,2.15,14.6,33.16,-0.63,0.02,-0.16,-0.97
"08020623","Ortolanweg","1289",8.03,2.04,15.98,51.52,1.33,0.46,-0.16,4.36
"08020624","Britzer Garten","1265",5.19,1.36,8.46,13.94,-2.05,-1.14,-1.96,-8.48
"08020625","Handwerker-Siedlung","3337",6.83,2.1,10.04,19.61,-0.83,-0.41,-0.59,-0.78
"08020726","Buckow West","8344",4.65,1.31,7.39,19.87,0.01,-0.01,-1.06,-1.24
"08020727","Buckow Mitte","11651",5.76,1.65,11.67,30.84,-0.08,-0.08,1.24,1.24
"08020728","Buckow Ost","8444",8.6,2.4,19.27,49.14,0.06,-0.19,0.32,1.41
"08030829","Gropiusstadt Nord","12454",9.85,3.49,25.37,60.13,-0.54,0.13,-0.49,-3.93
"08030830","Gropiusstadt Süd","7321",8.99,3.32,17.37,54.75,0.15,0.34,-0.56,-1.44
"08030831","Gropiusstadt Ost","17099",10.05,3.21,23.6,53.18,-0.25,-0.46,-0.36,0.72
"08040932","Goldhähnchenweg","2879",6.02,2.32,15.7,42.44,-0.07,-0.12,1.45,5.48
"08040933","Vogelviertel Süd","4129",4.66,1.66,8.16,22.53,-0.51,0.08,-0.59,-0.62
"08040934","Vogelviertel Nord","2688",5.97,2.03,11.57,26.81,2.19,0.73,1.29,3.01
"08041035","Blumenviertel","8103",3.77,0.95,5.08,14.14,-0.09,-0.26,0.9,3
"08041036","Zittauer Straße","6765",2.92,0.99,3.78,10.24,-0.43,0.27,-0.11,1.48
"08041037","Alt-Rudow","9682",4.91,1.47,10.55,30.79,-0.62,-0.37,0.92,1.09
"08041038","Waßmannsdorfer Chaussee","6913",3.55,1.07,4.69,10.94,0.12,-0.06,0.17,-0.03
"08041039","Frauenviertel","3858",3.32,0.66,10.32,22.33,-1.62,-0.93,-2.92,-6.87
"08041040","Waltersdorfer Chaussee Ost","7987",4.32,1.35,9,21.99,-0.08,0.02,-0.52,-0.75
"09010101","Elsenstraße","11934",6.89,2.51,11.28,20.47,-1.88,-0.91,-1.79,-6.37
"09010102","Am Treptower Park Nord","70",NA,NA,NA,NA,NA,NA,NA,NA
"09010201","Am Treptower Park Süd","4319",4.38,1.67,6.37,11.17,-0.66,-0.21,0.18,1.17
"09010202","Köpenicker Landstraße","6823",7.19,2.74,10.42,31.03,-2.94,-1.18,-0.1,-3.35
"09010301","Baumschulenstraße","15387",5.88,2.17,9.06,24.63,-1.8,-0.45,-0.39,-4.62
"09010302","Späthsfelde","2906",2.49,1.09,2.72,7.56,-0.42,0,0.44,2.54
"09010401","Johannisthal West","8203",5.19,1.79,6.84,20.84,-1.13,-0.82,0.34,-1.06
"09010402","Johannisthal Ost","11480",4.63,1.74,7.77,14.89,-0.67,-0.25,-0.18,-0.22
"09020501","Oberschöneweide West","6683",10.08,4.03,19.63,43.27,-3.05,-1.2,1.44,0.59
"09020502","Oberschöneweide Ost","14865",7.96,3.14,14.38,31.43,-0.86,-0.64,0.45,0.76
"09020601","Schnellerstraße","7658",6.75,2.36,13.16,33.3,-1.8,-0.26,0.64,-0.63
"09020602","Oberspree","3512",5.38,2.09,8.34,20.2,0.02,-0.13,2.02,-1.25
"09020701","Adlershof West","1259",1.87,0.47,2.22,9.09,-3.75,-3.04,-3.48,-17.58
"09020702","Adlershof Ost","16091",6.32,2.33,9.19,21.18,-1.08,-0.5,0.45,-0.15
"09020801","Spindlersfeld","2935",4.84,1.84,8.55,15.48,-0.87,-0.5,0.74,-0.89
"09020802","Köllnische Vorstadt","7737",8.07,3.24,18.19,43.47,-3.48,-1.23,-1.08,-8.19
"09030901","Dorf Altglienicke","12998",2.6,0.91,3.6,7.36,-0.67,-0.14,0.46,-0.76
"09030902","Wohngebiet II","5667",10.14,4.46,23.86,53.75,-4.05,-1.53,0.17,-3.05
"09030903","Kölner Viertel","8063",4.85,1.6,9.28,17.99,-0.92,-0.83,-0.11,-0.73
"09031001","Bohnsdorf","12776",3.58,1.26,4.8,11.66,-0.5,-0.15,-0.44,-2.13
"09031101","Grünau","6041",4,0.89,4.92,10.68,-0.38,-0.51,1.31,2.77
"09031201","Karolinenhof","1799",2.05,0,1.28,0,-0.44,-0.86,-0.03,-1.96
"09031202","Schmöckwitz/Rauchfangswerder","2475",2.48,0.76,3.35,8.2,-1.69,-0.43,0.59,2.4
"09041301","Kietzer Feld/Nachtheide","14437",5.24,1.81,6.83,17.57,-1.65,-0.84,0.01,-1.33
"09041302","Wendenschloß","1812",2.85,0.74,2.1,5.53,0.69,0.29,1.26,5.53
"09041401","Allende I","4962",4.83,1.56,6.49,19.19,-0.88,-0.34,-0.28,1.26
"09041402","Allende II","1485",3.51,1.43,4.98,8.78,-0.39,0.02,-0.96,-5.12
"09041501","Altstadt Kietz","7382",7.54,2.85,14.43,30.18,-0.99,-0.52,0.12,-2.59
"09041601","Müggelheim","6582",2.25,0.57,2.11,2.98,-0.84,-0.5,-0.05,-0.75
"09051701","Hirschgarten","3583",5.68,1.69,6.25,13.46,1.72,0.82,2.13,5.45
"09051702","Bölschestraße","14685",3.67,1.2,3.84,7.01,-0.72,-0.4,-0.23,-0.43
"09051801","Rahnsdorf/Hessenwinkel","9393",3.45,0.93,2.76,4.81,-0.34,-0.22,0.34,0.9
"09051901","Dammvorstadt","10747",5.36,1.89,6.93,14.13,-1.14,-0.39,-0.82,-3.17
"09052001","Köpenick Nord","12775",4.25,1.6,5.07,10.96,-1.44,-0.52,0.26,-1.22
"10010101","Marzahn West","5671",8.45,2.59,24.67,49.47,-2.13,-1.3,-1.59,-5.65
"10010102","Havemannstraße","17831",10.16,3.06,25.56,54.13,-2.16,-1.21,-3.52,-8.09
"10010203","Gewerbegebiet Bitterfelder Straße","1379",NA,NA,NA,NA,NA,NA,NA,NA
"10010204","Wuhletalstraße","10479",8.84,2.3,22.42,46.42,-2.12,-1.89,-1.15,-7.51
"10010205","Marzahn Ost","8319",8.97,2.47,20.03,46.41,-2.87,-2,-2.23,-5.56
"10010206","Ringkolonnaden","17015",7.94,2.02,16.9,43.98,-1.54,-1.29,-1.48,-6.25
"10010207","Marzahner Promenade","10762",8.1,2.29,18.26,46.05,-1.98,-1.02,-2.13,-8.17
"10010308","Marzahner Chaussee","2329",5.4,1.32,6.96,14.48,-0.39,-0.54,0.95,3.92
"10010309","Springpfuhl","14378",6.92,1.91,14.33,38.06,-1.9,-1.39,-1.17,-5.68
"10010310","Alt-Marzahn","17818",6.92,1.97,13.26,36.11,-1.44,-0.8,-1.29,-4.94
"10010311","Landsberger Tor","2932",3.96,0.98,7.16,16.09,0.27,0.01,0.47,2.37
"10020412","Alte Hellersdorfer Straße","6736",11.79,3.54,33.82,60.41,-3.72,-1.69,-1.11,-2.35
"10020413","Gut Hellersdorf","15530",9.06,2.47,20.66,47.84,-1.77,-0.9,-1.76,-7.35
"10020414","Helle Mitte","1660",7.35,2.33,22.05,46.09,-1.02,-0.23,-1.59,-5.87
"10020415","Hellersdorfer Promenade","5550",12.79,3.56,33.37,69.96,-2.18,-1.69,0.62,-1.15
"10020416","Böhlener Straße","5547",11.08,2.78,27.06,55.27,-2.95,-1.31,-0.69,-1.15
"10020517","Adele-Sandrock-Straße","8861",4.9,1.61,10.81,29.01,-1.68,-0.62,-0.59,-2.66
"10020518","Schleipfuhl","5167",8.48,2.29,19.53,40.75,-1.46,-0.81,-0.81,-7.21
"10020519","Boulevard Kastanienallee","6051",12.35,3.46,29.88,57.37,-2.58,-1.8,-2.83,-4.33
"10020620","Kaulsdorf Nord II","3299",7.01,1.96,16.16,43.72,-1.38,-1.15,-1.57,-3.23
"10020621","Gelbes Viertel","6071",8.53,2.48,23.8,46.05,-2,-0.88,-1.42,-7.32
"10020622","Kaulsdorf Nord I","8631",6.03,1.53,11.55,31.51,-2.05,-1.02,-2.88,-11.86
"10020623","Rotes Viertel","6527",6.48,2.33,10.77,25.57,-1.48,-0.41,-1.31,-7.14
"10030724","Oberfeldstraße","7799",1.83,0.39,1.44,2.04,-0.49,-0.3,-0.13,-2.09
"10030725","Buckower Ring","6297",6.88,1.89,10.72,15.8,-0.74,-0.91,-1.5,-7.17
"10030726","Alt-Biesdorf","3009",2.75,0.76,2.86,5.84,-0.64,-0.09,1.31,3
"10030727","Biesdorf Süd","9315",2.06,0.56,1.2,3.45,-0.09,0.04,0.15,1.6
"10040828","Kaulsdorf Nord","7719",3.71,0.96,5.22,12.98,-0.43,-0.51,-0.89,-2.97
"10040829","Alt-Kaulsdorf","3762",2.42,0.64,3.88,4.71,-0.91,-0.34,0.67,1.05
"10040830","Kaulsdorf Süd","7545",2.09,0.6,1.8,3.43,-0.36,-0.09,-0.78,-2.26
"10040931","Mahlsdorf Nord","9323",2.04,0.48,1.81,2.11,-0.66,-0.37,-0.19,-1.03
"10040932","Alt-Mahlsdorf","3956",2.78,0.53,2.12,2.84,-0.5,-0.41,-0.8,-2.45
"10040933","Mahlsdorf Süd","14747",2.3,0.69,1.98,3.86,-0.49,-0.23,-0.13,-0.28
"11010101","Dorf Malchow","592",3.47,1.85,9.29,12.5,-7.21,-0.33,-3.39,4.03
"11010102","Dorf Wartenberg","2557",1.88,0.72,2.07,3.88,-1.19,-0.36,-0.27,-2.31
"11010103","Dorf Falkenberg","1604",4.14,0.58,4.55,8.37,1.17,-0.61,1.91,2
"11010204","Falkenberg Ost","8907",9.63,3.65,24.77,51.33,-2.52,-1.42,-0.2,-5.55
"11010205","Falkenberg West","6713",7.35,2.61,20.93,47.95,-2.89,-1.32,-1.63,-3.82
"11010206","Wartenberg Süd","5997",7.21,3.06,17.89,45.31,-1.56,-0.45,-0.59,-5.31
"11010207","Wartenberg Nord","7113",7.91,2.91,18.21,39.14,-1.68,-0.49,-0.04,-3.95
"11010308","Zingster Straße Ost","11771",8.67,3.16,20.53,50.31,-1.73,-0.96,1.76,-0.11
"11010309","Zingster Straße West","9670",9.77,3.1,22.76,51.85,-1.32,-1.43,-0.57,-2.95
"11010310","Mühlengrund","5238",6.64,2.51,9.98,27.88,-1.06,-0.66,-1.07,-5.46
"11020411","Malchower Weg","9242",6.19,1.74,11.3,28.5,0.65,0.09,3.43,6.32
"11020412","Hauptstraße","6410",6.8,2.57,12.39,27.13,-0.82,-0.75,-1.2,-5.33
"11020513","Orankesee","4014",2.8,0.2,4.81,10.51,-0.05,-0.73,2.63,6.65
"11020514","Große-Leege-Straße","9074",5.67,1.85,12.03,28.23,-1.09,-0.64,1.93,4.38
"11020515","Landsberger Allee","14529",6.96,2.49,14.78,39.41,-1.64,-0.62,0.47,-0.43
"11020516","Weiße Taube","3725",2.28,0.64,3.44,8.26,-0.7,-0.03,-0.23,-1.9
"11030617","Hohenschönhausener Straße","6044",9.46,3.68,18.7,57.64,-1.3,-0.11,-0.13,-4.1
"11030618","Fennpfuhl West","15954",5.87,2.11,11.61,31.49,-1.68,-0.72,-0.47,-3.23
"11030619","Fennpfuhl Ost","10784",7.75,2.58,16.62,42.35,-1.91,-0.95,-0.4,-6.01
"11030720","Herzbergstraße","5858",4.71,1.19,11.04,34.72,-0.34,-0.38,0.24,1.2
"11030721","Rüdigerstraße","25327",5.98,1.95,10.19,20.06,-1.38,-0.81,-0.45,-4.66
"11030824","Frankfurter Allee Süd","10019",6.55,2.18,14.05,38.77,-1.75,-0.87,-0.43,-1.42
"11040925","Victoriastadt","3817",5.5,1.62,9.3,13.55,-1.33,-0.19,-1.87,-5.53
"11040926","Weitlingstraße","28022",6.81,2.25,11.57,25.98,-1.01,-0.43,-1.16,-5.92
"11041022","Rosenfelder Ring","5448",8.34,2.79,14.59,46.89,-2.66,-1.79,-0.64,-2.22
"11041023","Gensinger Straße","5980",9.03,3.25,18.8,43.03,-0.83,-0.16,0.14,-1.21
"11041027","Tierpark","3033",6.6,1.64,14.9,34.02,-2.27,-1.79,-2.85,-9.57
"11041128","Sewanstraße","25108",6.57,2.29,12.12,38.68,-1,-0.86,0.23,-3.43
"11051229","Rummelsburg","3494",3.5,0.65,3.86,3.28,-1.03,-0.89,0.03,0.11
"11051330","Karlshorst West","9336",3.23,0.9,5.33,8.6,-0.93,-0.48,-0.56,-1.87
"11051331","Karlshorst Nord","11073",3.02,0.9,3.91,5.67,-0.9,-0.51,-0.24,-0.24
"11051332","Karlshorst Süd","6668",2.8,0.8,2.92,3.23,-0.23,-0.06,-0.26,-0.61
"12103115","Breitkopfbecken","7568",10.09,3.96,22.6,52.51,-0.89,-0.04,-0.79,-1.99
"12103116","Hausotterplatz","9479",8.58,2.9,23.58,52.45,-1.53,-0.59,-0.1,-1.25
"12103117","Letteplatz","10672",9.52,3.01,22.94,51.88,-0.89,-0.55,-1.47,-3.7
"12103218","Teichstraße","13515",8.41,2.75,20.58,52.77,-1.4,-0.73,-0.83,-1.2
"12103219","Schäfersee","8803",9.48,3.17,20.23,52.51,-1.25,-0.31,-0.3,-2.04
"12103220","Humboldtstraße","4601",7.45,2.54,12.39,33.55,0.53,0.1,-0.65,3.01
"12214125","Waldidyll/Flughafensee","7315",3.47,1.21,6.94,15.19,-0.86,-0.08,0.18,-0.92
"12214126","Tegel Süd","7651",9.31,3.3,20.55,44.36,0.11,-0.18,-0.14,-0.92
"12214421","Reinickes Hof","2598",9.69,3.19,17.44,46.53,-0.77,-0.6,0.61,3.97
"12214422","Klixstraße","7955",11.14,3.85,29.52,62.96,-0.14,-0.07,0.42,0.2
"12214423","Mellerbogen","5517",7.01,2.39,14.77,42.59,-0.22,-0.45,-0.41,-1.64
"12214424","Scharnweberstraße","10663",10.71,3.67,23.6,53.66,0.61,0.26,-0.35,-1.11
"12214527","Alt-Tegel","10698",4.87,1.56,6.85,16.33,-0.46,0.05,-0.54,-1.63
"12214528","Tegeler Forst","252",NA,NA,NA,NA,NA,NA,NA,NA
"12224229","Konradshöhe/Tegelort","6081",2.1,0.6,2.2,5.63,-0.77,-0.32,-0.07,-0.15
"12224230","Heiligensee","18043",2.47,0.77,2.74,4.94,-0.03,0.03,0.19,0.71
"12231101","Hermsdorf","16532",2.59,0.83,2.91,5.2,-0.35,-0.08,0.12,0.58
"12231102","Frohnau","16886",2.21,0.58,2.2,4.2,-0.06,-0.12,0.17,0.97
"12301203","Wittenau Süd","15270",6.78,2.18,12.85,31.82,0.02,-0.03,1.08,5.42
"12301204","Wittenau Nord","6561",3.65,1,6.52,16.46,0.22,0.02,0.33,2.04
"12301205","Waidmannslust","4924",3.47,0.97,5.75,11.61,-0.65,-0.36,0.69,2.78
"12301206","Lübars","5120",3,1.16,3.42,6.61,0.09,0.31,0.16,1.96
"12302107","Schorfheidestraße","3054",4.45,0.9,8.74,25,-0.36,-0.49,1.65,6.13
"12302108","Märkisches Zentrum","14505",11.22,3.84,26.88,61.05,-0.1,-0.33,-0.94,-4.65
"12302109","Treuenbrietzener Straße","11666",12.43,4.11,34.31,64.9,-0.51,-0.09,-0.62,-3.46
"12302110","Dannenwalder Weg","10481",11.45,3.83,30.74,59.95,-0.24,-0.46,-0.81,-2.25
"12302211","Lübarser Straße","3301",5.67,1.79,7.48,17.04,-0.52,-0.57,0.14,2.8
"12302212","Rollbergesiedlung","5929",11.65,3.45,34.49,68.9,-0.09,0,4.05,4.48
"12304313","Borsigwalde","6619",6.48,2.66,12.27,28.73,-0.54,0.24,0.67,-0.61
"12304314","Ziekowstraße/Freie Scholle","9660",4.54,1.59,7.78,16.63,-0.7,-0.04,-0.05,-1.57
